Tempo,Referencia_Temperatura,Referencia_Umidade,Saida_Temperatura,Saida_Umidade,Erro_Temperatura,Erro_Umidade
18,30,50,22,50,8,0
36,30,50,22,50,8,0
54,30,50,22,50,8,0
72,30,50,22,50,8,0
90,30,50,22,50,8,0
108,30,50,22,50,8,0
126,30,50,22,50,8,0
144,30,50,22.773797935686,48.8748896155785,7.226202064314,1.12511038442152
162,30,50,23.5224883887625,47.8140875144169,6.47751161123752,2.18591248558309
180,30,50,24.2468860236966,47.028904987308,5.75311397630339,2.97109501269203
198,30,50,24.9437866776667,46.4762860030249,5.05621332233332,3.52371399697508
216,30,50,25.5243969785488,46.0775241175656,4.47560302145116,3.92247588243442
234,30,50,25.993535724869,45.7715122444574,4.00646427513103,4.22848775554261
252,30,50,26.3633686531951,45.6223893894466,3.63663134680489,4.37761061055345
270,30,50,26.6447096556144,45.6044800991157,3.35529034438556,4.3955199008843
288,30,50,26.8544118257189,45.6766698694005,3.14558817428108,4.32333013059949
306,30,50,27.0078753775428,45.8067942234729,2.99212462245724,4.19320577652713
324,30,50,27.1197920505146,45.962126884304,2.88020794948539,4.037873115696
342,30,50,27.2026292524279,46.1187922210443,2.79737074757206,3.88120777895567
360,30,50,27.265950918449,46.2625523026213,2.73404908155104,3.7374476973787
378,30,50,27.3167968897951,46.3859706817765,2.68320311020493,3.6140293182235
396,30,50,27.3598845989225,46.486665840992,2.64011540107749,3.51333415900804
414,30,50,27.398100677477,46.5654248123399,2.60189932252297,3.43457518766008
432,30,50,27.4330424169636,46.6249046053456,2.56695758303638,3.37509539465443
450,30,50,27.465448376401,46.6686443006739,2.53455162359897,3.33135569932614
468,30,50,27.4955528913866,46.7003196742657,2.50444710861341,3.2996803257343
486,30,50,27.5233426301019,46.7232932203675,2.47665736989806,3.27670677963253
504,30,50,27.5487249309814,46.7403659199102,2.45127506901858,3.25963408008981
522,30,50,27.5716278396116,46.7536896449045,2.42837216038841,3.24631035509547
540,30,50,27.5920475351319,46.7647959254169,2.40795246486813,3.23520407458307
558,30,50,27.6100604942808,46.774687178013,2.38993950571921,3.22531282198698
576,30,50,27.625814425466,46.7839537692175,2.374185574534,3.21604623078248
594,30,50,27.6395086623012,46.7928915813902,2.36049133769881,3.20710841860978
612,30,50,27.6513717547203,46.8016049963165,2.34862824527969,3.19839500368352
630,30,50,27.6616409464743,46.8100887606419,2.33835905352569,3.18991123935808
648,30,50,27.6705459483779,46.8182874660496,2.32945405162208,3.1817125339504
666,30,50,27.6782977907388,46.8261347189887,2.3217022092612,3.17386528101132
684,30,50,27.6850824757084,46.8335757417389,2.31491752429156,3.16642425826109
702,30,50,27.6910585906702,46.8405776355895,2.30894140932978,3.15942236441047
720,30,50,27.6963578318265,46.8471313293331,2.30364216817348,3.1528686706669
738,30,50,27.7010874051665,46.8532486028831,2.29891259483353,3.14675139711689
756,30,50,27.7053334226082,46.8589567743189,2.29466657739179,3.14104322568109
774,30,50,27.709164617537,46.8642928423103,2.29083538246301,3.13570715768969
792,30,50,27.7126359164761,46.8692981812075,2.28736408352386,3.13070181879248
810,30,50,27.7157915917081,46.8740143414965,2.2842084082919,3.12598565850354
828,30,50,27.7186678685734,46.878480121445,2.28133213142658,3.12151987855501
846,30,50,27.7212949675578,46.8827298304201,2.27870503244221,3.11727016957992
864,30,50,27.7236986286015,46.8867925330769,2.2763013713985,3.11320746692307
882,30,50,27.7259012004788,46.8906920155625,2.27409879952124,3.10930798443749
900,30,50,27.7279223899533,46.8944472214297,2.27207761004673,3.1055527785703
918,30,50,27.7297797616842,46.8980729424339,2.27022023831579,3.10192705756612
936,30,50,27.7314890672431,46.9015805999661,2.2685109327569,3.0984194000339
954,30,50,27.733064465214,46.904979004485,2.26693553478601,3.095020995515
972,30,50,27.73451867769,46.9082750257567,2.26548132230999,3.09172497424326
990,30,50,27.7358631136618,46.9114741425953,2.26413688633822,3.08852585740472
1008,30,50,27.7371079778405,46.9145808663711,2.26289202215952,3.08541913362891
1026,30,50,27.7382623746185,46.9175990487251,2.26173762538149,3.08240095127495
1044,30,50,27.7393344109069,46.9205320924372,2.26066558909314,3.07946790756282
1062,30,50,27.7403312980031,46.9233830872747,2.25966870199688,3.07661691272529
1080,30,50,27.7412594508535,46.9261548917977,2.25874054914654,3.07384510820231
1098,30,50,27.7421245825115,46.9288501791402,2.25787541748851,3.0711498208598
1116,30,50,27.7429317917867,46.9314714609311,2.25706820821327,3.06852853906888
1134,30,50,27.7436856426438,46.9340210996052,2.25631435735624,3.06597890039481
1152,30,50,27.7443902346001,46.9365013158839,2.25560976539988,3.06349868411613
1170,30,50,27.745049264013,46.9389141954178,2.25495073598697,3.06108580458222
1188,30,50,27.7456660766572,46.9412616965339,2.25433392334284,3.05873830346615
1206,30,50,27.7462437123464,46.9435456596634,2.25375628765362,3.05645434033655
1224,30,50,27.7467849425494,46.9457678182215,2.25321505745062,3.0542321817785
1242,30,50,27.7472923020158,46.9479298103222,2.25270769798422,3.05207018967777
1260,30,50,27.7477681154019,46.9500331906196,2.25223188459814,3.04996680938044
1278,30,50,27.7482145197944,46.9520794416353,2.25178548020557,3.0479205583647
1296,30,50,27.7486334839094,46.9540699840984,2.25136651609056,3.04593001590158
1314,30,50,27.7490268246088,46.9560061860029,2.2509731753912,3.04399381399708
1332,30,50,27.7493962212515,46.9578893702606,2.25060377874855,3.04211062973937
1350,30,50,27.7497432282821,46.9597208209613,2.25025677171788,3.04027917903866
1368,30,50,27.7500692863671,46.9615017883469,2.24993071363293,3.03849821165311
1386,30,50,27.750375732312,46.9632334926618,2.24962426768803,3.03676650733821
1404,30,50,27.7506638079406,46.964917127067,2.24933619205936,3.03508287293299
1422,30,50,27.7509346680726,46.9665538598028,2.24906533192735,3.03344614019723
1440,30,50,27.7511893877087,46.9681448357709,2.24881061229128,3.0318551642291
1458,30,50,27.7514289685129,46.9696911776828,2.24857103148706,3.03030882231715
1476,30,50,27.7516543446671,46.9711939868918,2.24834565533286,3.02880601310819
1494,30,50,27.7518663881632,46.9726543440013,2.24813361183678,3.02734565599874
1512,30,50,27.752065913592,46.9740733093183,2.24793408640795,3.02592669068165
1530,30,50,27.7522536824821,46.9754519232014,2.24774631751789,3.02454807679862
1548,30,50,27.7524304072359,46.9767912063353,2.24756959276414,3.02320879366474
1566,30,50,27.7525967547075,46.978092159958,2.2474032452925,3.02190784004204
1584,30,50,27.7527533494615,46.9793557660532,2.24724665053851,3.02064423394683
1602,30,50,27.7529007767467,46.9805829875193,2.24709922325327,3.01941701248074
1620,30,50,27.7530395852178,46.9817747683214,2.24696041478217,3.01822523167863
1638,30,50,27.7531702894306,46.9829320336319,2.24682971056938,3.01706796636812
1656,30,50,27.7532933721361,46.9840556899631,2.24670662786389,3.01594431003692
1674,30,50,27.7534092863938,46.9851466252956,2.24659071360622,3.01485337470444
1692,30,50,27.7535184575224,46.9862057092052,2.24648154247755,3.01379429079476
1710,30,50,27.7536212849045,46.9872337929917,2.24637871509548,3.01276620700829
1728,30,50,27.7537181436576,46.9882317098105,2.24628185634244,3.01176829018949
1746,30,50,27.7538093861852,46.9892002748109,2.2461906138148,3.01079972518905
1764,30,50,27.753895343618,46.9901402852816,2.24610465638195,3.00985971471842
1782,30,50,27.7539763271539,46.9910525208042,2.24602367284606,3.0089474791958
1800,30,50,27.754052629306,46.9919377434175,2.24594737069398,3.00806225658251
1818,30,50,27.7541245250659,46.9927966977908,2.24587547493406,3.00720330220923
1836,30,50,27.7541922729889,46.9936301114079,2.24580772701108,3.0063698885921
1854,30,50,27.7542561162068,46.9944386947616,2.24574388379316,3.00556130523842
1872,30,50,27.7543162833746,46.9952231415574,2.24568371662543,3.00477685844261
1890,30,50,27.7543729895548,46.9959841289273,2.24562701044522,3.0040158710727
1908,30,50,27.7544264370455,46.9967223176521,2.24557356295452,3.0032776823479
1926,30,50,27.7544768161547,46.997438352392,2.24552318384533,3.00256164760805
1944,30,50,27.7545243059256,46.9981328619244,2.24547569407436,3.00186713807562
1962,30,50,27.7545690748166,46.9988064593889,2.24543092518345,3.00119354061106
1980,30,50,27.7546112813373,46.9994597425379,2.24538871866265,3.0005402574621
1998,30,50,27.754651074647,47.000093293992,2.24534892535304,2.99990670600805
2016,30,50,27.7546885951135,47.0007076815005,2.2453114048865,2.99929231849948
2034,30,50,27.7547239748398,47.0013034582057,2.24527602516015,2.99869654179432
2052,30,50,27.754757338157,47.0018811629092,2.24524266184302,2.99811883709078
2070,30,50,27.7547888020871,47.002441320342,2.24521119791289,2.99755867965798
2088,30,50,27.7548184767786,47.0029844414353,2.24518152322143,2.99701555856466
2106,30,50,27.7548464659143,47.0035110235932,2.24515353408567,2.99648897640675
2124,30,50,27.7548728670957,47.0040215509658,2.24512713290426,2.99597844903422
2142,30,50,27.7548977722031,47.0045164947223,2.24510222779693,2.99548350527775
2160,30,50,27.7549212677344,47.0049963133243,2.24507873226565,2.9950036866757
2178,30,50,27.7549434351239,47.0054614527982,2.24505656487609,2.99453854720181
2196,30,50,27.7549643510416,47.005912347006,2.24503564895837,2.99408765299398
2214,30,50,27.7549840876745,47.0063494179154,2.24501591232553,2.99365058208463
2232,30,50,27.755002712991,47.0067730758671,2.24499728700896,2.99322692413288
2250,30,50,27.7550202909904,47.0071837198412,2.24497970900958,2.99281628015882
2268,30,50,27.7550368819361,47.0075817377197,2.24496311806387,2.99241826228032
2286,30,50,27.7550525425762,47.0079675065475,2.24494745742381,2.99203249345252
2304,30,50,27.7550673263501,47.0083413927898,2.2449326736499,2.99165860721016
2322,30,50,27.7550812835835,47.0087037525868,2.24491871641654,2.99129624741323
2340,30,50,27.7550944616711,47.0090549320042,2.24490553832885,2.99094506799578
2358,30,50,27.7551069052495,47.0093952672816,2.24489309475048,2.99060473271836
2376,30,50,27.7551186563585,47.009725085076,2.2448813436415,2.990274914924
2394,30,50,27.755129754594,47.010044702702,2.24487024540598,2.98995529729802
2412,30,50,27.7551402372515,47.0103544283683,2.24485976274852,2.98964557163173
2430,30,50,27.7551501394607,47.01065456141,2.24484986053934,2.98934543859005
2448,30,50,27.7551594943128,47.0109453925168,2.24484050568723,2.98905460748322
2466,30,50,27.7551683329799,47.0112272039573,2.24483166702013,2.98877279604265
2484,30,50,27.7551766848273,47.0115002697991,2.24482331517266,2.98849973020088
2502,30,50,27.7551845775197,47.0117648561242,2.24481542248032,2.98823514387576
2520,30,50,27.7551920371201,47.0120212212411,2.24480796287995,2.98797877875892
2538,30,50,27.755199088184,47.0122696158916,2.24480091181601,2.98773038410843
2556,30,50,27.7552057538475,47.0125102834542,2.24479424615246,2.98748971654577
2574,30,50,27.7552120559103,47.012743460143,2.24478794408969,2.98725653985703
2592,30,50,27.7552180149135,47.0129693752016,2.24478198508652,2.98703062479836
2610,30,50,27.7552236502134,47.0131882510943,2.24477634978663,2.98681174890574
2628,30,50,27.7552289800506,47.0134003036912,2.24477101994942,2.98659969630883
2646,30,50,27.7552340216151,47.0136057424508,2.2447659783849,2.98639425754915
2664,30,50,27.7552387911076,47.0138047705976,2.24476120889241,2.98619522940237
2682,30,50,27.7552433037971,47.0139975852953,2.24475669620291,2.98600241470466
2700,30,50,27.7552475740753,47.0141843778167,2.24475242592472,2.98581562218325
2718,30,50,27.7552516155076,47.0143653337091,2.24474838449244,2.98563466629091
2736,30,50,27.7552554408812,47.0145406329555,2.24474455911878,2.98545936704447
2754,30,50,27.7552590622507,47.0147104501327,2.24474093774933,2.98528954986728
2772,30,50,27.75526249098,47.0148749545645,2.24473750901996,2.98512504543552
2790,30,50,27.7552657377834,47.0150343104716,2.2447342622166,2.98496568952838
2808,30,50,27.7552688127624,47.0151886771181,2.24473118723759,2.98481132288193
2826,30,50,27.755271725442,47.0153382089532,2.24472827455803,2.98466179104679
2844,30,50,27.7552744848036,47.0154830557507,2.24472551519636,2.98451694424934
2862,30,50,27.7552770993172,47.0156233627434,2.24472290068283,2.9843766372566
2880,30,50,27.7552795769702,47.0157592707555,2.24472042302983,2.98424072924451
2898,30,50,27.7552819252961,47.0158909163302,2.24471807470394,2.9841090836698
2916,30,50,27.7552841514003,47.0160184318549,2.24471584859969,2.9839815681451
2934,30,50,27.7552862619853,47.0161419456825,2.24471373801474,2.98385805431746
2952,30,50,27.7552882633734,47.0162615822499,2.24471173662659,2.98373841775007
2970,30,50,27.7552901615293,47.0163774621928,2.24470983847066,2.98362253780716
2988,30,50,27.7552919620804,47.016489702458,2.24470803791959,2.98351029754203
3006,30,50,27.7552936703362,47.0165984164118,2.24470632966376,2.98340158358815
3024,30,50,27.755295291307,47.0167037139468,2.24470470869304,2.98329628605315
3042,30,50,27.7552968297205,47.0168057015842,2.24470317027946,2.9831942984158
3060,30,50,27.755298290039,47.0169044825742,2.24470170996101,2.98309551742584
3078,30,50,27.7552996764737,47.0170001569935,2.24470032352632,2.98299984300652
3096,30,50,27.7553009929998,47.0170928218401,2.24469900700025,2.98290717815995
3114,30,50,27.7553022433697,47.017182571125,2.24469775663033,2.98281742887502
3132,30,50,27.755303431126,47.017269495962,2.24469656887397,2.98273050403797
3150,30,50,27.7553045596136,47.0173536846546,2.24469544038644,2.98264631534541
3168,30,50,27.7553056319905,47.0174352227801,2.24469436800952,2.98256477721992
3186,30,50,27.7553066512392,47.017514193272,2.24469334876083,2.98248580672795
3204,30,50,27.7553076201762,47.0175906764999,2.24469237982377,2.98240932350008
3222,30,50,27.755308541462,47.0176647503464,2.24469145853805,2.98233524965362
3240,30,50,27.7553094176092,47.0177364902826,2.24469058239077,2.98226350971743
3258,30,50,27.755310250992,47.0178059694412,2.24468974900802,2.98219403055878
3276,30,50,27.7553110438531,47.0178732586875,2.24468895614694,2.98212674131253
3294,30,50,27.7553117983117,47.0179384266878,2.24468820168831,2.98206157331221
3312,30,50,27.7553125163705,47.0180015399768,2.24468748362946,2.98199846002317
3330,30,50,27.7553131999223,47.0180626630223,2.24468680007769,2.98193733697766
3348,30,50,27.755313850756,47.0181218582882,2.24468614924405,2.98187814171183
3366,30,50,27.7553144705626,47.0181791862954,2.2446855294374,2.98182081370456
3384,30,50,27.755315060941,47.0182347056819,2.24468493905895,2.9817652943181
3402,30,50,27.755315623403,47.0182884732595,2.24468437659699,2.98171152674045
3420,30,50,27.755316159378,47.0183405440705,2.244683840622,2.98165945592947
3438,30,50,27.755316670218,47.0183909714414,2.24468332978197,2.98160902855857
3456,30,50,27.7553171572019,47.0184398070359,2.24468284279812,2.98156019296415
3474,30,50,27.7553176215393,47.0184871009056,2.24468237846071,2.98151289909443
3492,30,50,27.7553180643748,47.0185329015401,2.24468193562519,2.98146709845994
3510,30,50,27.7553184867914,47.0185772559145,2.24468151320855,2.98142274408547
3528,30,50,27.7553188898141,47.0186202095366,2.24468111018587,2.98137979046336
3546,30,50,27.7553192744129,47.0186618064917,2.24468072558707,2.98133819350831
3564,30,50,27.7553196415062,47.0187020894865,2.24468035849384,2.98129791051349
3582,30,50,27.7553199919632,47.0187410998921,2.24468000803677,2.98125890010793
3600,30,50,27.7553203266074,47.0187788777847,2.24467967339262,2.98122112221532
3618,36,50,27.7553206462182,47.0188154619861,8.24467935378178,2.98118453801391
3636,36,50,27.7553209515342,47.0188508901023,8.24467904846578,2.98114910989769
3654,36,50,27.7553212432549,47.0188851985612,8.24467875674512,2.98111480143877
3672,36,50,27.755321522043,47.0189184226492,8.244678477957,2.98108157735083
3690,36,50,28.3039284084845,47.0189505965463,7.6960715915155,2.98104940345374
3708,36,50,28.8664764327847,47.0189817533608,7.1335235672153,2.98101824663923
3726,36,50,29.4107714141223,46.221345185705,6.58922858587766,3.77865481429496
3744,36,50,29.9374056105944,45.4231341005103,6.0625943894056,4.57686589948965
3762,36,50,30.3967905259988,44.8229661495287,5.60320947400124,5.17703385047131
3780,36,50,30.7841007279363,44.3989866559052,5.21589927206367,5.6010133440948
3798,36,50,31.0896827726217,44.1665628480311,4.91031722737829,5.83343715196892
3816,36,50,31.3191388845097,44.0810481354452,4.68086111549032,5.91895186455476
3834,36,50,31.4856900325884,44.0919412777139,4.51430996741163,5.9080587222861
3852,36,50,31.6023448640033,44.1628443606025,4.3976551359967,5.83715563939752
3870,36,50,31.6825583183428,44.2644929205297,4.3174416816572,5.73550707947027
3888,36,50,31.7378038225965,44.3763575850387,4.26219617740347,5.62364241496134
3906,36,50,31.7768506598502,44.4838925615078,4.22314934014979,5.5161074384922
3924,36,50,31.8061377598479,44.5780744796371,4.19386224015215,5.4219255203629
3942,36,50,31.8299911632419,44.6547905246625,4.17000883675808,5.3452094753375
3960,36,50,31.8510636474781,44.7133562029956,4.14893635252191,5.28664379700439
3978,36,50,31.8707830616297,44.7553523163079,4.12921693837031,5.24464768369214
3996,36,50,31.8897406628782,44.783567579554,4.11025933712185,5.21643242044602
4014,36,50,31.9080248892842,44.8011561100341,4.09197511071583,5.19884388996589
4032,36,50,31.9254698725845,44.8111162796938,4.07453012741549,5.18888372030617
4050,36,50,31.9418265564546,44.8160025130819,4.05817344354544,5.18399748691809
4068,36,50,31.9568678907441,44.8178114255845,4.0431321092559,5.18218857441553
4086,36,50,31.9704411692989,44.8179839101862,4.02955883070108,5.18201608981382
4104,36,50,31.9824842315891,44.817472284898,4.01751576841091,5.18252771510203
4122,36,50,31.9930191743358,44.8168384844093,4.00698082566421,5.18316151559065
4140,36,50,32.0021342976273,44.8163584957287,3.99786570237275,5.18364150427135
4158,36,50,32.0099621004666,44.8161177238303,3.99003789953339,5.18388227616965
4176,36,50,32.0166582194016,44.8160894071639,3.98334178059835,5.18391059283611
4194,36,50,32.0223839994383,44.8161932863254,3.9776160005617,5.18380671367456
4212,36,50,32.0272937536128,44.8163354062719,3.97270624638717,5.18366459372814
4230,36,50,32.0315266752177,44.816431971537,3.96847332478229,5.18356802846305
4248,36,50,32.0352027472387,44.8164209807936,3.96479725276134,5.18357901920644
4266,36,50,32.0384217154472,44.816265377159,3.96157828455283,5.18373462284097
4284,36,50,32.0412641541227,44.8159509660807,3.95873584587729,5.18404903391933
4302,36,50,32.0437937614672,44.8154816533225,3.95620623853283,5.1845183466775
4320,36,50,32.0460601995005,44.8148738228987,3.95393980049948,5.18512617710131
4338,36,50,32.048101988945,44.8141510150997,3.95189801105501,5.1858489849003
4356,36,50,32.0499491499536,44.8133395327559,3.95005085004638,5.18666046724407
4374,36,50,32.0516254271993,44.8124652137558,3.94837457280073,5.18753478624425
4392,36,50,32.0531500470794,44.8115513503387,3.94684995292058,5.18844864966132
4410,36,50,32.0545390271725,44.8106175887525,3.94546097282746,5.18938241124748
4428,36,50,32.0558060993275,44.8096795793267,3.94419390067247,5.1903204206733
4446,36,50,32.0569633252654,44.8087491403465,3.9430366747346,5.19125085965352
4464,36,50,32.0580214847215,44.807834726471,3.94197851527846,5.19216527352904
4482,36,50,32.0589903074246,44.806942036072,3.94100969257536,5.19305796392797
4500,36,50,32.0598786066739,44.8060746393186,3.94012139332613,5.19392536068142
4518,36,50,32.0606943575526,44.8052345523184,3.93930564244738,5.19476544768157
4536,36,50,32.0614447491921,44.8044227181338,3.93855525080789,5.19557728186625
4554,36,50,32.0621362291851,44.8036393816839,3.9378637708149,5.19636061831606
4572,36,50,32.0627745496753,44.8028843628778,3.93722545032473,5.19711563712218
4590,36,50,32.0633648187191,44.8021572421737,3.93663518128091,5.19784275782629
4608,36,50,32.0639115568526,44.8014574769414,3.93608844314738,5.19854252305859
4626,36,50,32.0644187568839,44.800784467275,3.93558124311613,5.199215532725
4644,36,50,32.0648899442594,44.8001375878314,3.93511005574057,5.19986241216856
4662,36,50,32.0653282354624,44.7995161990617,3.93467176453755,5.20048380093834
4680,36,50,32.065736392428,44.7989196477182,3.93426360757202,5.20108035228179
4698,36,50,32.0661168716461,44.7983472633107,3.9338831283539,5.20165273668934
4716,36,50,32.0664718672937,44.7977983545211,3.93352813270626,5.20220164547894
4734,36,50,32.0668033482975,44.7972722075879,3.93319665170254,5.20272779241209
4752,36,50,32.0671130896416,44.7967680872918,3.93288691035841,5.2032319127082
4770,36,50,32.0674026984971,44.7962852403375,3.93259730150291,5.20371475966247
4788,36,50,32.0676736358767,44.7958229005029,3.93232636412333,5.2041770994971
4806,36,50,32.0679272345508,44.7953802947905,3.93207276544919,5.20461970520947
4824,36,50,32.0681647139181,44.7949566498676,3.93183528608189,5.20504335013241
4842,36,50,32.0683871924422,44.7945511982219,3.93161280755783,5.20544880177806
4860,36,50,32.0685956981667,44.7941631836414,3.9314043018333,5.2058368163586
4878,36,50,32.0687911777194,44.7937918657942,3.93120882228065,5.20620813420578
4896,36,50,32.0689745041209,44.7934365238319,3.9310254958791,5.20656347616808
4914,36,50,32.0691464836381,44.7930964590416,3.93085351636186,5.20690354095842
4932,36,50,32.0693078618554,44.7927709966428,3.93069213814464,5.20722900335723
4950,36,50,32.0694593290921,44.7924594868607,3.93054067090792,5.20754051313931
4968,36,50,32.0696015252603,44.7921613054178,3.93039847473971,5.20783869458216
4986,36,50,32.0697350442316,44.7918758535808,3.93026495576838,5.20812414641922
5004,36,50,32.0698604377688,44.7916025578821,3.93013956223122,5.20839744211788
5022,36,50,32.0699782190667,44.7913408696166,3.93002178093333,5.20865913038335
5040,36,50,32.0700888659421,44.791090264189,3.92991113405793,5.20890973581102
5058,36,50,32.070192823707,44.7908502403699,3.92980717629298,5.20914975963005
5076,36,50,32.0702905077582,44.7906203195021,3.92970949224176,5.20937968049792
5094,36,50,32.0703823059126,44.7904000446811,3.92961769408744,5.20959995531891
5112,36,50,32.070468580516,44.790188979931,3.929531419484,5.209811020069
5130,36,50,32.070549670352,44.7899867093829,3.92945032964799,5.21001329061707
5148,36,50,32.0706258923718,44.7897928364641,3.92937410762824,5.21020716353593
5166,36,50,32.0706975432671,44.7896069831,3.92930245673293,5.21039301690004
5184,36,50,32.0707649009043,44.7894287889325,3.92923509909573,5.21057121106751
5202,36,50,32.0708282256347,44.7892579105549,3.92917177436529,5.21074208944513
5220,36,50,32.0708877614959,44.7890940207649,3.92911223850406,5.21090597923511
5238,36,50,32.0709437373154,44.7889368078376,3.92905626268463,5.21106319216238
5256,36,50,32.0709963677268,44.7887859748188,3.92900363227321,5.21121402518121
5274,36,50,32.0710458541084,44.78864123884,3.92895414589157,5.21135876116
5292,36,50,32.0710923854505,44.7885023304566,3.92890761454947,5.21149766954336
5310,36,50,32.0711361391588,44.7883689930096,3.92886386084123,5.21163100699039
5328,36,50,32.0711772817995,44.7882409820112,3.92882271820051,5.21175901798881
5346,36,50,32.071215969792,44.7881180645557,3.92878403020805,5.2118819354443
5364,36,50,32.0712523500518,44.788000018755,3.92874764994825,5.21199998124502
5382,36,50,32.0712865605899,44.7878866331984,3.92871343941009,5.2121133668016
5400,36,50,32.0713187310708,44.7877777064375,3.92868126892915,5.21222229356255
5418,36,50,32.0713489833327,44.7876730464941,3.92865101666732,5.21232695350585
5436,36,50,32.0713774318728,44.7875724703927,3.92862256812725,5.21242752960735
5454,36,50,32.071404184301,44.7874758037136,3.92859581569904,5.21252419628645
5472,36,50,32.0714293417634,44.7873828801698,3.92857065823658,5.21261711983017
5490,36,50,32.0714529993386,44.7872935412038,3.9285470006614,5.21270645879621
5508,36,50,32.0714752464079,44.787207635604,3.92852475359213,5.21279236439601
5526,36,50,32.0714961670025,44.7871250191414,3.92850383299751,5.21287498085857
5544,36,50,32.0715158401284,44.787045554224,3.9284841598716,5.21295444577596
5562,36,50,32.0715343400707,44.7869691095686,3.92846565992929,5.21303089043141
5580,36,50,32.071551736679,44.7868955598895,3.92844826332101,5.21310444011054
5598,36,50,32.0715680956349,44.786824785603,3.92843190436514,5.21317521439695
5616,36,50,32.0715834787029,44.7867566725474,3.92841652129707,5.21324332745259
5634,36,50,32.0715979439663,44.7866911117163,3.92840205603368,5.21330888828373
5652,36,50,32.0716115460476,44.7866279990065,3.92838845395241,5.21337200099347
5670,36,50,32.0716243363163,44.7865672349789,3.92837566368369,5.21343276502105
5688,36,50,32.0716363630838,44.7865087246309,3.9283636369162,5.21349127536912
5706,36,50,32.0716476717861,44.7864523771809,3.92835232821388,5.21354762281911
5724,36,50,32.0716583051559,44.7863981058643,3.92834169484409,5.21360189413566
5742,36,50,32.0716683033838,44.7863458277395,3.9283316966162,5.21365417226052
5760,36,50,32.0716777042702,44.7862954635035,3.92832229572981,5.21370453649649
5778,36,50,32.0716865433677,44.7862469373181,3.9283134566323,5.21375306268191
5796,36,50,32.0716948541152,44.7862001766437,3.92830514588482,5.21379982335627
5814,36,50,32.0717026679636,44.7861551120827,3.92829733203637,5.21384488791726
5832,36,50,32.0717100144946,44.7861116772301,3.92828998550544,5.21388832276988
5850,36,50,32.0717169215312,44.7860698085321,3.92828307846879,5.21393019146792
5868,36,50,32.0717234152432,44.7860294451518,3.92827658475681,5.21397055484822
5886,36,50,32.0717295202449,44.7859905288418,3.92827047975515,5.21400947115818
5904,36,50,32.0717352596877,44.7859530038233,3.9282647403123,5.2140469961767
5922,36,50,32.0717406553474,44.7859168166708,3.9282593446526,5.21408318332917
5940,36,50,32.0717457277055,44.7858819162035,3.9282542722945,5.21411808379655
5958,36,50,32.0717504960264,44.785848253381,3.92824950397363,5.21415174661898
5976,36,50,32.0717549784294,44.7858157812057,3.92824502157056,5.21418421879427
5994,36,50,32.0717591919573,44.7857844546286,3.92824080804271,5.21421554537137
6012,36,50,32.0717631526396,44.7857542304607,3.92823684736044,5.21424576953935
6030,36,50,32.0717668755531,44.7857250672883,3.92823312444692,5.21427493271169
6048,36,50,32.0717703748785,44.7856969253932,3.92822962512146,5.21430307460675
6066,36,50,32.0717736639536,44.785669766676,3.92822633604642,5.21433023332399
6084,36,50,32.0717767553229,44.7856435545835,3.92822324467708,5.21435644541655
6102,36,50,32.0717796607854,44.7856182540397,3.92822033921456,5.2143817459603
6120,36,50,32.0717823914384,44.7855938313805,3.9282176085616,5.21440616861949
6138,36,50,32.0717849577192,44.7855702542908,3.92821504228082,5.21442974570923
6156,36,50,32.0717873694444,44.7855474917451,3.92821263055562,5.21445250825487
6174,36,50,32.0717896358467,44.7855255139514,3.92821036415331,5.21447448604864
6192,36,50,32.0717917656096,44.7855042922965,3.9282082343904,5.21449570770346
6210,36,50,32.0717937669,44.7854837992958,3.92820623310004,5.21451620070424
6228,36,50,32.0717956473987,44.7854640085433,3.92820435260135,5.21453599145667
6246,36,50,32.0717974143295,44.7854448946662,3.9282025856705,5.21455510533376
6264,36,50,32.0717990744863,44.7854264332799,3.92820092551369,5.21457356672012
6282,36,50,32.0718006342585,44.7854086009458,3.92819936574147,5.21459139905421
6300,36,50,32.0718020996551,44.7853913751314,3.92819790034486,5.21460862486855
6318,36,50,32.0718034763273,44.7853747341719,3.92819652367267,5.2146252658281
6336,36,50,32.0718047695897,44.7853586572332,3.9281952304103,5.2146413427668
6354,36,50,32.0718059844403,44.7853431242776,3.9281940155597,5.21465687572243
6372,36,50,32.0718071255794,44.78532811603,3.92819287442064,5.21467188396996
6390,36,50,32.0718081974271,44.7853136139468,3.92819180257294,5.21468638605318
6408,36,50,32.0718092041401,44.7852996001849,3.92819079585988,5.21470039981507
6426,36,50,32.0718101496275,44.7852860575734,3.92818985037255,5.21471394242661
6444,36,50,32.0718110375649,44.7852729695855,3.92818896243507,5.21472703041449
6462,36,50,32.0718118714092,44.7852603203127,3.92818812859083,5.21473967968733
6480,36,50,32.0718126544106,44.7852480944391,3.92818734558938,5.21475190556092
6498,36,50,32.0718133896258,44.7852362772178,3.92818661037421,5.21476372278224
6516,36,50,32.0718140799288,44.7852248544476,3.92818592007124,5.21477514555239
6534,36,50,32.0718147280221,44.7852138124514,3.92818527197793,5.21478618754855
6552,36,50,32.0718153364469,44.785203138055,3.92818466355311,5.21479686194498
6570,36,50,32.0718159075926,44.785192818567,3.92818409240738,5.214807181433
6588,36,50,32.0718164437059,44.7851828417598,3.92818355629407,5.21481715824022
6606,36,50,32.0718169468992,44.7851731958512,3.92818305310077,5.21482680414885
6624,36,50,32.0718174191586,44.7851638694868,3.92818258084135,5.21483613051323
6642,36,50,32.0718178623516,44.7851548517233,3.9281821376484,5.21484514827665
6660,36,50,32.0718182782338,44.7851461320127,3.92818172176621,5.21485386798733
6678,36,50,32.0718186684559,44.7851377001861,3.9281813315441,5.21486229981387
6696,36,50,32.0718190345698,44.7851295464401,3.92818096543019,5.21487045355992
6714,36,50,32.0718193780345,44.7851216613217,3.92818062196548,5.21487833867828
6732,36,50,32.0718197002216,44.7851140357156,3.92818029977837,5.21488596428438
6750,36,50,32.0718200024206,44.7851066608308,3.92817999757941,5.21489333916922
6768,36,50,32.0718202858436,44.7850995281882,3.92817971415641,5.21490047181176
6786,36,50,32.0718205516301,44.7850926296092,3.92817944836988,5.21490737039078
6804,36,50,32.0718208008513,44.7850859572038,3.92817919914866,5.2149140427962
6822,36,50,32.0718210345142,44.7850795033599,3.92817896548583,5.21492049664008
6840,36,50,32.0718212535651,44.785073260733,3.92817874643492,5.21492673926701
6858,36,50,32.0718214588937,44.7850672222358,3.92817854110632,5.21493277776418
6876,36,50,32.0718216513362,44.7850613810291,3.92817834866381,5.2149386189709
6894,36,50,32.0718218316785,44.785055730512,3.92817816832147,5.21494426948796
6912,36,50,32.0718220006594,44.7850502643137,3.92817799934059,5.21494973568635
6930,36,50,32.0718221589731,44.7850449762841,3.92817784102694,5.21495502371587
6948,36,50,32.071822307272,44.7850398604868,3.92817769272803,5.21496013951322
6966,36,50,32.0718224461693,44.7850349111902,3.9281775538307,5.21496508880982
6984,36,50,32.0718225762413,44.7850301228606,3.9281774237587,5.21496987713937
7002,36,50,32.0718226980295,44.785025490155,3.92817730197051,5.21497450984501
7020,36,50,32.0718228120427,44.7850210079137,3.92817718795729,5.21497899208634
7038,36,50,32.0718229187591,44.785016671154,3.92817708124089,5.21498332884598
7056,36,50,32.071823018628,44.785012475064,3.92817698137203,5.21498752493603
7074,36,50,32.0718231120714,44.7850084149958,3.9281768879286,5.21499158500424
7092,36,50,32.071823199486,44.7850044864602,3.92817680051397,5.21499551353984
7110,36,50,32.0718232812445,44.7850006851207,3.92817671875551,5.21499931487929
7128,36,50,32.0718233576968,44.7849970067883,3.92817664230317,5.21500299321172
7146,36,50,32.0718234291719,44.7849934474158,3.92817657082809,5.21500655258421
7164,36,50,32.0718234959787,44.7849900030932,3.92817650402132,5.21500999690679
7182,36,50,32.0718235584073,44.7849866700426,3.92817644159268,5.21501332995735
7200,36,50,32.0718236167304,44.7849834446137,3.92817638326962,5.21501655538628
7218,36,55,32.0718236712039,44.784980323279,3.92817632879608,10.215019676721
7236,36,55,32.0718237220683,44.9114178327596,3.92817627793166,10.0885821672404
7254,36,55,32.0718237695495,45.9860323810083,3.92817623045052,9.01396761899169
7272,36,55,32.0540815822436,46.90834083547,3.94591841775643,8.09165916452999
7290,36,55,31.9522077207375,47.513814562195,4.04779227926247,7.48618543780504
7308,36,55,31.8630287382435,47.8695182924977,4.13697126175648,7.13048170750227
7326,36,55,31.8014287664668,48.0662276141755,4.19857123353324,6.93377238582454
7344,36,55,31.7634763661851,48.1709902692406,4.23652363381487,6.82900973075942
7362,36,55,31.7491339028933,48.2253834697627,4.25086609710667,6.77461653023732
7380,36,55,31.7515951230205,48.2507588623739,4.24840487697946,6.74924113762606
7398,36,55,31.7643897364398,48.2488075491975,4.23561026356024,6.75119245080252
7416,36,55,31.7829563063793,48.2285714877742,4.21704369362072,6.77142851222583
7434,36,55,31.8037638807954,48.2005053083143,4.19623611920459,6.79949469168567
7452,36,55,31.8244292496669,48.1719257932121,4.17557075033307,6.82807420678794
7470,36,55,31.8433587168206,48.1474527654168,4.15664128317935,6.85254723458318
7488,36,55,31.8596736585545,48.1290554976634,4.14032634144547,6.87094450233662
7506,36,55,31.8730883552159,48.1168175799023,4.1269116447841,6.8831824200977
7524,36,55,31.8837093077846,48.1098670945659,4.11629069221539,6.89013290543405
7542,36,55,31.8918835514144,48.1069618451994,4.10811644858557,6.89303815480059
7560,36,55,31.8980662963932,48.1068453173548,4.10193370360683,6.8931546826452
7578,36,55,31.9027227780639,48.1084117726365,4.09727722193609,6.89158822736352
7596,36,55,31.9062715716779,48.1107781958029,4.0937284283221,6.88922180419711
7614,36,55,31.9090565469666,48.1133057637635,4.09094345303338,6.88669423623649
7632,36,55,31.9113394820384,48.1155827309549,4.08866051796165,6.88441726904514
7650,36,55,31.9133055983062,48.1173870755651,4.08669440169383,6.88261292443494
7668,36,55,31.9150757503283,48.1186402380884,4.08492424967168,6.88135976191155
7686,36,55,31.9167211818966,48.1193603795238,4.08327881810342,6.8806396204762
7704,36,55,31.9182779946423,48.1196218092317,4.08172200535767,6.88037819076825
7722,36,55,31.9197596969085,48.1195235541952,4.08024030309154,6.8804764458048
7740,36,55,31.9211671025441,48.1191675186679,4.07883289745588,6.88083248133211
7758,36,55,31.9224954507142,48.1186451584251,4.07750454928577,6.88135484157494
7776,36,55,31.9237390259716,48.1180308605982,4.07626097402838,6.88196913940178
7794,36,55,31.9248937585421,48.1173801096843,4.07510624145792,6.88261989031571
7812,36,55,31.9259583400712,48.1167307067506,4.07404165992881,6.88326929324941
7830,36,55,31.9269343554975,48.1161056401693,4.07306564450249,6.88389435983068
7848,36,55,31.9278258461447,48.1155165768596,4.07217415385526,6.88448342314044
7866,36,55,31.9286386162922,48.1149672864635,4.07136138370782,6.88503271353652
7884,36,55,31.9293794958722,48.1144566003648,4.07062050412781,6.88554339963517
7902,36,55,31.930055686811,48.1139807292314,4.06994431318902,6.88601927076864
7920,36,55,31.9306742547939,48.1135349161111,4.06932574520606,6.88646508388887
7938,36,55,31.9312417821383,48.1131144955494,4.06875821786175,6.88688550445063
7956,36,55,31.9317641687069,48.1127154751415,4.06823583129314,6.8872845248585
7974,36,55,31.9322465528699,48.1123347680314,4.06775344713009,6.88766523196864
7992,36,55,31.9326933195666,48.1119701955633,4.06730668043341,6.88802980443668
8010,36,55,31.9331081640211,48.1116203586613,4.06689183597889,6.88837964133872
8028,36,55,31.9334941847301,48.1112844518855,4.06650581526987,6.88871554811452
8046,36,55,31.9338539858163,48.1109620703093,4.0661460141837,6.88903792969071
8064,36,55,31.9341897752964,48.1106530390644,4.06581022470357,6.8893469609356
8082,36,55,31.9345034514088,48.1103572797569,4.06549654859125,6.8896427202431
8100,36,55,31.9347966735043,48.110074717029,4.06520332649571,6.88992528297099
8118,36,55,31.9350709170738,48.1098052217697,4.06492908292621,6.8901947782303
8136,36,55,31.935327514386,48.1095485840038,4.064672485614,6.89045141599618
8154,36,55,31.9355676831851,48.1093045073843,4.06443231681493,6.89069549261568
8172,36,55,31.935792546188,48.1090726176334,4.06420745381204,6.89092738236661
8190,36,55,31.9360031439756,48.1088524785327,4.06399685602437,6.89114752146726
8208,36,55,31.9362004434801,48.1086436106412,4.06379955651989,6.89135638935883
8226,36,55,31.9363853437813,48.1084455094795,4.06361465621875,6.89155449052051
8244,36,55,31.9365586804408,48.1082576612706,4.06344131955921,6.89174233872944
8262,36,55,31.936721229176,48.1080795553704,4.06327877082399,6.89192044462962
8280,36,55,31.9368737093379,48.1079106932615,4.06312629066215,6.89208930673848
8298,36,55,31.9370167874132,48.1077505944359,4.0629832125868,6.89224940556409
8316,36,55,31.9371510806098,48.107598799727,4.06284891939017,6.89240120027299
8334,36,55,31.9372771604897,48.1074548727214,4.06272283951029,6.89254512727861
8352,36,55,31.9373955565738,48.1073183998455,4.0626044434262,6.89268160015453
8370,36,55,31.9375067598334,48.1071889896309,4.06249324016656,6.8928110103691
8388,36,55,31.9376112259946,48.1070662715464,4.06238877400538,6.89293372845358
8406,36,55,31.937709378603,48.10694989467,4.06229062139696,6.89305010533003
8424,36,55,31.9378016118206,48.1068395263748,4.06219838817942,6.89316047362517
8442,36,55,31.937888292945,48.1067348511252,4.06211170705501,6.89326514887478
8460,36,55,31.937969764661,48.1066355694193,4.06203023533904,6.89336443058066
8478,36,55,31.9380463470417,48.1065413968818,4.06195365295829,6.89345860311823
8496,36,55,31.938118339327,48.1064520634859,4.06188166067305,6.89354793651408
8514,36,55,31.9381860215051,48.1063673128784,4.0618139784949,6.89363268712159
8532,36,55,31.9382496557274,48.1062869017768,4.06175034427264,6.89371309822316
8550,36,55,31.9383094875791,48.1062105994154,4.06169051242086,6.89378940058459
8568,36,55,31.9383657472304,48.1061381870193,4.06163425276964,6.89386181298072
8586,36,55,31.9384186504834,48.1060694572946,4.0615813495166,6.8939305427054
8604,36,55,31.9384683997333,48.1060042139264,4.06153160026674,6.89399578607362
8622,36,55,31.9385151848519,48.1059422710813,4.06148481514811,6.89405772891868
8640,36,55,31.9385591840057,48.1058834529154,4.06144081599426,6.89411654708464
8658,36,55,31.9386005644141,48.1058275930878,4.06139943558593,6.89417240691218
8676,36,55,31.9386394830535,48.1057745342847,4.06136051694654,6.89422546571529
8694,36,55,31.9386760873134,48.1057241277543,4.0613239126866,6.89427587224565
8712,36,55,31.9387105156068,48.1056762328577,4.06128948439319,6.89432376714225
8730,36,55,31.9387428979389,48.1056307166357,4.06125710206111,6.89436928336426
8748,36,55,31.9387733564373,48.1055874533946,4.06122664356266,6.89441254660539
8766,36,55,31.9388020058467,48.1055463243106,4.06119799415333,6.89445367568941
8784,36,55,31.9388289539893,48.105507217054,4.0611710460107,6.89449278294597
8802,36,55,31.9388543021958,48.1054700254325,4.0611456978042,6.89452997456755
8820,36,55,31.9388781457064,48.1054346490527,4.06112185429356,6.89456535094733
8838,36,55,31.9389005740463,48.1054009930008,4.06109942595371,6.89459900699917
8856,36,55,31.9389216713758,48.1053689675398,4.06107832862418,6.89463103246024
8874,36,55,31.9389415168186,48.1053384878228,4.06105848318136,6.8946615121772
8892,36,55,31.9389601847682,48.1053094736232,4.06103981523179,6.89469052637685
8910,36,55,31.9389777451751,48.1052818490781,4.06102225482494,6.89471815092194
8928,36,55,31.9389942638157,48.1052555424469,4.0610057361843,6.89474445755307
8946,36,55,31.9390098025448,48.1052304858826,4.06099019745519,6.89476951411736
8964,36,55,31.9390244195315,48.1052066152154,4.06097558046848,6.89479338478461
8982,36,55,31.9390381694812,48.1051838697485,4.06096183051876,6.89481613025155
9000,36,55,31.9390511038436,48.1051621920651,4.06094889615641,6.89483780793488
9018,36,55,31.9390632710078,48.1051415278463,4.06093672899222,6.89485847215366
9036,36,55,31.9390747164859,48.1051218256985,4.06092528351414,6.89487817430155
9054,36,55,31.9390854830849,48.1051030369905,4.06091451691511,6.89489696300946
9072,36,55,31.9390956110686,48.1050851157008,4.06090438893136,6.8949148842992
9090,36,55,31.9391051383095,48.1050680182716,4.06089486169055,6.89493198172842
9108,36,55,31.9391141004309,48.1050517034725,4.0608858995691,6.89494829652754
9126,36,55,31.9391225309419,48.1050361322712,4.06087746905809,6.89496386772883
9144,36,55,31.9391304613627,48.1050212677116,4.06086953863729,6.89497873228841
9162,36,55,31.9391379213433,48.1050070747988,4.06086207865671,6.89499292520118
9180,36,55,31.9391449387746,48.1049935203906,4.06085506122537,6.89500647960939
9198,36,55,31.9391515398934,48.1049805730949,4.0608484601066,6.89501942690508
9216,36,55,31.9391577493802,48.1049682031734,4.06084225061976,6.89503179682664
9234,36,55,31.9391635904523,48.10495638245,4.06083640954772,6.89504361755
9252,36,55,31.93916908495,48.1049450842253,4.06083091504996,6.89505491577468
9270,36,55,31.9391742534192,48.1049342831951,4.06082574658079,6.89506571680488
9288,36,55,31.9391791151875,48.1049239553739,4.06082088481251,6.89507604462612
9306,36,55,31.9391836884369,48.1049140780226,4.06081631156308,6.89508592197744
9324,36,55,31.9391879902718,48.1049046295803,4.0608120097282,6.89509537041965
9342,36,55,31.9391920367827,48.1048955896004,4.06080796321731,6.89510441039963
9360,36,55,31.9391958431065,48.104886938689,4.0608041568935,6.89511306131099
9378,36,55,31.939199423483,48.1048786584485,4.06080057651696,6.89512134155151
9396,36,55,31.9392027913082,48.1048707314229,4.06079720869175,6.89512926857708
9414,36,55,31.9392059591842,48.1048631410472,4.06079404081583,6.8951368589528
9432,36,55,31.9392089389661,48.1048558715988,4.06079106103391,6.89514412840117
9450,36,55,31.9392117418067,48.1048489081525,4.06078825819328,6.89515109184751
9468,36,55,31.9392143781979,48.1048422365371,4.0607856218021,6.89515776346295
9486,36,55,31.9392168580097,48.1048358432951,4.06078314199026,6.89516415670487
9504,36,55,31.9392191905274,48.1048297156448,4.06078080947257,6.89517028435523
9522,36,55,31.939221384486,48.1048238414433,4.06077861551402,6.89517615855669
9540,36,55,31.9392234481027,48.1048182091533,4.06077655189726,6.89518179084666
9558,36,55,31.9392253891081,48.1048128078104,4.06077461089187,6.89518719218959
9576,36,55,31.9392272147745,48.1048076269927,4.06077278522555,6.89519237300733
9594,36,55,31.939228931943,48.1048026567921,4.06077106805695,6.8951973432079
9612,36,55,31.9392305470498,48.1047978877874,4.06076945295017,6.89520211221259
9630,36,55,31.9392320661493,48.1047933110183,4.0607679338507,6.89520668898167
9648,36,55,31.9392334949371,48.1047889179615,4.06076650506285,6.89521108203855
9666,36,55,31.9392348387715,48.1047847005073,4.06076516122851,6.89521529949267
9684,36,55,31.9392361026929,48.1047806509388,4.06076389730709,6.89521934906116
9702,36,55,31.9392372914432,48.1047767619107,4.06076270855679,6.89522323808926
9720,36,55,31.9392384094832,48.1047730264304,4.06076159051684,6.89522697356963
9738,36,55,31.9392394610091,48.1047694378393,4.06076053899088,6.89523056216066
9756,36,55,31.9392404499687,48.1047659897964,4.06075955003127,6.89523401020362
9774,36,55,31.9392413800756,48.1047626762609,4.06075861992439,6.89523732373913
9792,36,55,31.9392422548232,48.1047594914775,4.06075774517676,6.89524050852248
9810,36,55,31.939243077498,48.1047564299617,4.06075692250199,6.89524357003826
9828,36,55,31.9392438511915,48.1047534864858,4.06075614880852,6.89524651351417
9846,36,55,31.9392445788119,48.1047506560659,4.06075542118808,6.89524934393407
9864,36,55,31.9392452630952,48.1047479339497,4.06075473690483,6.89525206605034
9882,36,55,31.9392459066149,48.1047453156044,4.06075409338515,6.89525468439557
9900,36,55,31.939246511792,48.1047427967064,4.06075348820799,6.89525720329358
9918,36,55,31.9392470809041,48.10474037313,4.06075291909591,6.89525962686996
9936,36,55,31.9392476160935,48.1047380409381,4.06075238390648,6.8952619590619
9954,36,55,31.9392481193757,48.1047357963724,4.06075188062434,6.8952642036276
9972,36,55,31.9392485926463,48.1047336358448,4.06075140735366,6.89526636415521
9990,36,55,31.9392490376889,48.1047315559289,4.06075096231106,6.89526844407112
10008,36,55,31.9392494561811,48.104729553352,4.06075054381892,6.89527044664802
10026,36,55,31.9392498497009,48.1047276249876,4.06075015029915,6.8952723750124
10044,36,55,31.9392502197328,48.1047257678483,4.06074978026725,6.89527423215169
10062,36,55,31.9392505676732,48.1047239790789,4.06074943232681,6.89527602092107
10080,36,55,31.9392508948357,48.1047222559501,4.06074910516427,6.89527774404986
10098,36,55,31.939251202456,48.1047205958524,4.06074879754399,6.89527940414761
10116,36,55,31.9392514916963,48.1047189962902,4.06074850830367,6.89528100370983
10134,36,55,31.93925176365,48.1047174548765,4.06074823634995,6.89528254512354
10152,36,55,31.9392520193456,48.1047159693277,4.0607479806544,6.89528403067233
10170,36,55,31.9392522597504,48.1047145374586,4.06074774024961,6.89528546254139
10188,36,55,31.9392524857744,48.1047131571779,4.06074751422558,6.89528684282212
10206,36,55,31.9392526982737,48.1047118264835,4.06074730172632,6.89528817351655
10224,36,55,31.9392528980533,48.1047105434585,4.06074710194671,6.89528945654155
10242,36,55,31.9392530858706,48.1047093062672,4.06074691412936,6.89529069373283
10260,36,55,31.9392532624381,48.1047081131513,4.06074673756191,6.89529188684867
10278,36,55,31.9392534284257,48.1047069624264,4.06074657157426,6.89529303757357
10296,36,55,31.9392535844639,48.1047058524784,4.06074641553613,6.89529414752161
10314,36,55,31.9392537311453,48.1047047817603,4.06074626885466,6.89529521823974
10332,36,55,31.9392538690278,48.1047037487892,4.06074613097223,6.89529625121079
10350,36,55,31.9392539986357,48.1047027521436,4.06074600136431,6.89529724785645
10368,36,55,31.9392541204624,48.10470179046,4.06074587953756,6.89529820954001
10386,36,55,31.9392542349721,48.104700862431,4.06074576502794,6.89529913756903
10404,36,55,31.939254342601,48.1046999668022,4.06074565739899,6.89530003319781
10422,36,55,31.9392544437598,48.1046991023702,4.06074555624021,6.89530089762981
10440,36,55,31.9392545388345,48.1046982679801,4.06074546116545,6.89530173201992
10458,36,55,31.9392546281884,48.1046974625234,4.06074537181158,6.89530253747655
10476,36,55,31.939254712163,48.1046966849362,4.060745287837,6.89530331506379
10494,36,55,31.9392547910795,48.1046959341967,4.06074520892047,6.89530406580329
10512,36,55,31.9392548652402,48.1046952093239,4.06074513475981,6.89530479067614
10530,36,55,31.9392549349291,48.1046945093754,4.06074506507086,6.89530549062462
10548,36,55,31.9392550004137,48.1046938334461,4.06074499958633,6.89530616655394
10566,36,55,31.9392550619452,48.1046931806662,4.06074493805485,6.89530681933375
10584,36,55,31.93925511976,48.1046925502002,4.06074488023999,6.89530744979979
10602,36,55,31.9392551740806,48.1046919412448,4.06074482591942,6.89530805875523
10620,36,55,31.939255225116,48.1046913530279,4.06074477488402,6.89530864697215
10638,36,55,31.9392552730629,48.1046907848072,4.06074472693713,6.89530921519277
10656,36,55,31.9392553181062,48.1046902358692,4.06074468189379,6.89530976413081
10674,36,55,31.9392553604199,48.1046897055274,4.06074463958008,6.89531029447264
10692,36,55,31.9392554001676,48.1046891931216,4.06074459983241,6.89531080687838
10710,36,55,31.939255437503,48.1046886980169,4.06074456249695,6.8953113019831
10728,36,55,31.939255472571,48.1046882196022,4.06074452742904,6.89531178039779
10746,36,55,31.9392555055074,48.1046877572897,4.06074449449264,6.89531224271035
10764,36,55,31.9392555364402,48.1046873105134,4.06074446355982,6.89531268948657
10782,36,55,31.9392555654897,48.1046868787289,4.06074443451027,6.89531312127107
10800,36,55,31.9392555927691,48.1046864614119,4.06074440723086,6.89531353858809
