Tempo,Referencia_Temperatura,Saida_Temperatura,Sinal_Controle_Temperatura,Erro_Temperatura
18,30,22,0,8
36,30,22,0,8
54,30,22,0,8
72,30,22,0,8
90,30,22,0,8
108,30,21.2916,4.65504650656541,8.7084
126,30,20.60601048,5.61617175356531,9.39398952
144,30,19.942496942544,6.58978075143135,10.057503057456
162,30,19.3003485409941,7.57547152338563,10.6996514590059
180,30,19.0883352086916,6.09011986649384,10.9116647913084
198,30,18.9913834691337,6.09490684525963,11.0086165308663
216,30,18.9880843505492,6.11888499350415,11.0119156494508
234,30,19.0765484936833,6.06088094520157,10.9234515063167
252,30,19.0365297256975,7.24265673166129,10.9634702743025
270,30,18.9906601847595,7.81104797042666,11.0093398152405
288,30,18.9484011266813,8.32998015167635,11.0515988733187
306,30,18.902522822959,8.89104162356165,11.097477177041
324,30,18.9617755581877,8.79837854362168,11.0382244418123
342,30,19.075131287457,8.90740145972349,10.924868712543
360,30,19.2333753483118,9.01313579519641,10.7666246516882
378,30,19.4385162822766,9.0547199601591,10.5614837177234
396,30,19.6317568365482,9.39673235577112,10.3682431634518
414,30,19.8278930455957,9.65223322722162,10.1721069544043
432,30,20.027568987503,9.89211672724123,9.97243101249703
450,30,20.2250112949985,10.1544920632042,9.77498870500148
468,30,20.4463910339104,10.2515348825911,9.55360896608959
486,30,20.6848570449758,10.3562455607151,9.31514295502422
504,30,20.9380451025823,10.4474958346352,9.06195489741774
522,30,21.2073800463002,10.5040114717765,8.79261995369979
540,30,21.4779137816838,10.6229194381731,8.52208621831624
558,30,21.7494406299864,10.7297132132519,8.25055937001357
576,30,22.0207836652194,10.8304428071712,7.97921633478058
594,30,22.2888250340551,10.9380613330473,7.7111749659449
612,30,22.5589822801316,11.0040787775384,7.44101771986842
630,30,22.8304392848893,11.0607839016603,7.16956071511072
648,30,23.1025591294901,11.1078472387074,6.89744087050992
666,30,23.3758955542638,11.1386559320099,6.62410444573616
684,30,23.646785218874,11.178172070682,6.35321478112597
702,30,23.914276047794,11.2137267506619,6.085723952206
720,30,24.1775819922312,11.2454174922006,5.82241800776881
738,30,24.4353589703059,11.2776015612998,5.56464102969405
756,30,24.6884681854932,11.2984989991161,5.31153181450679
774,30,24.9367558107483,11.3136136808842,5.06324418925168
792,30,25.1800170654171,11.323625062626,4.81998293458294
810,30,25.4184375242779,11.3265968614874,4.58156247572213
828,30,25.6511827999054,11.3287457878826,4.34881720009461
846,30,25.8778695330245,11.3284260057722,4.12213046697549
864,30,26.0982144882054,11.3256859023376,3.9017855117946
882,30,26.3117766931904,11.3220500761095,3.68822330680961
900,30,26.5186663411968,11.3149221706051,3.48133365880322
918,30,26.7188769525383,11.3051995152792,3.28112304746171
936,30,26.9123981350056,11.2932126025135,3.08760186499445
954,30,27.0993541809959,11.2784559223147,2.90064581900413
972,30,27.2796447653816,11.2624624040522,2.72035523461837
990,30,27.4532385071487,11.2452139450996,2.54676149285132
1008,30,27.6201386732683,11.2268329117362,2.37986132673166
1026,30,27.7803056430627,11.207877034703,2.2196943569373
1044,30,27.9338333350611,11.1878789247765,2.06616666493891
1062,30,28.0808188539197,11.1670239168738,1.91918114608029
1080,30,28.2213668487204,11.1454633697348,1.77863315127963
1098,30,28.3556282796848,11.1231013371367,1.64437172031521
1116,30,28.4837109734089,11.100331152648,1.51628902659108
1134,30,28.6057332075205,11.0772594961984,1.39426679247951
1152,30,28.7218237079771,11.0539773025984,1.27817629202291
1170,30,28.8320993867467,11.0306942649729,1.16790061325328
1188,30,28.9367075004864,11.0073709978351,1.06329249951358
1206,30,29.0358019498233,10.9840748802184,0.964198050176659
1224,30,29.1295402214112,10.9608782741435,0.870459778588764
1242,30,29.218093638299,10.9377807246403,0.781906361700965
1260,30,29.3016256099241,10.9148921277915,0.698374390075905
1278,30,29.3803000101275,10.8922721408836,0.619699989872469
1296,30,29.4542821439354,10.8699667272055,0.545717856064599
1314,30,29.5237323218554,10.8480519497009,0.476267678144566
1332,30,29.5888153565406,10.8265440719228,0.41118464345935
1350,30,29.6496965605026,10.8054717161106,0.350303439497377
1368,30,29.7065402697765,10.7848645241512,0.293459730223471
1386,30,29.7595124532269,10.7647299036211,0.240487546773107
1404,30,29.8087755532233,10.7450974517532,0.191224446776705
1422,30,29.8544893818847,10.7259875519264,0.145510618115317
1440,30,29.8968113583673,10.7074145918714,0.103188641632659
1458,30,29.9358946353784,10.6893996327548,0.0641053646216498
1476,30,29.9718900751848,10.6719491318699,0.0281099248151868
1494,30,30.0049456258607,10.6550688345779,-0.00494562586073855
1512,30,30.0352058408483,10.6387636596627,-0.0352058408483309
1530,30,30.0628125447427,10.6230313819658,-0.0628125447427479
1548,30,30.087903670572,10.6078731768434,-0.0879036705720289
1566,30,30.1106132481503,10.5932879775373,-0.110613248150294
1584,30,30.1310714534318,10.5792722924281,-0.131071453431787
1602,30,30.1494041000167,10.565823711483,-0.149404100016678
1620,30,30.1657330423655,10.552936082409,-0.165733042365488
1638,30,30.1801761233756,10.5406020484744,-0.180176123375638
1656,30,30.1928470788506,10.5288135426385,-0.192847078850587
1674,30,30.2038557525421,10.5175601845214,-0.203855752542101
1692,30,30.2133078978104,10.506831747033,-0.213307897810388
1710,30,30.2213051843442,10.4966172951048,-0.221305184344168
1728,30,30.2279452610455,10.4869050220257,-0.227945261045498
1746,30,30.2333216784024,10.4776832193704,-0.233321678402366
1764,30,30.2375240221661,10.4689392575997,-0.237524022166053
1782,30,30.2406379795221,10.4606600400568,-0.240637979522123
1800,30,30.242745384351,10.4528322389153,-0.242745384350975
1818,30,30.2439243455128,10.4454419197815,-0.243924345512806
1836,30,30.2442492862724,10.4384751197801,-0.244249286272357
1854,30,30.243791017199,10.4319177708879,-0.243791017198966
1872,30,30.242616829784,10.4257556638947,-0.242616829784044
1890,30,30.2407905552251,10.4199747242836,-0.240790555225054
1908,30,30.2383726702543,10.4145608238105,-0.23837267025435
1926,30,30.2354203957591,10.4094998692796,-0.235420395759135
1944,30,30.2319877886657,10.4047778912196,-0.231987788665688
1962,30,30.2281258549479,10.400380966232,-0.228125854947862
1980,30,30.2238826438275,10.3962953552769,-0.223882643827519
1998,30,30.2193033457913,10.3925075193363,-0.2193033457913
2016,30,30.2144303957031,10.389004119099,-0.214430395703129
2034,30,30.2093035662176,10.3857720946263,-0.209303566217564
2052,30,30.2039600699536,10.3827986385796,-0.203960069953638
2070,30,30.1984346604603,10.380071216547,-0.198434660460315
2088,30,30.1927597299829,10.3775775961077,-0.192759729982868
2106,30,30.186965411087,10.3753058319092,-0.186965411086959
2124,30,30.1810796730611,10.3732442973727,-0.181079673061067
2142,30,30.1751284168663,10.371381694429,-0.175128416866347
2160,30,30.1691355696891,10.3697070540379,-0.169135569689111
2178,30,30.163123175284,10.3682097559677,-0.163123175284042
2196,30,30.1571114841212,10.3668795243854,-0.15711148412122
2214,30,30.1511190416481,10.3657064298302,-0.151119041648123
2232,30,30.1451627738049,10.3646808943277,-0.14516277380487
2250,30,30.1392580715283,10.3637936848798,-0.139258071528328
2268,30,30.1334188722479,10.3630359162759,-0.13341887224793
2286,30,30.1276577389085,10.3623990499994,-0.127657738908532
2304,30,30.1219859369086,10.3618748896994,-0.121985936908573
2322,30,30.1164135080143,10.3614555809802,-0.116413508014269
2340,30,30.1109493421079,10.3611336056886,-0.110949342107872
2358,30,30.1056012465438,10.3609017765094,-0.105601246543792
2376,30,30.1003760128675,10.3607532323204,-0.100376012867532
2394,30,30.0952794813448,10.3606814304695,-0.0952794813447859
2412,30,30.090316602909,10.3606801407146,-0.090316602909045
2430,30,30.0854914986101,10.3607434384573,-0.0854914986100965
2448,30,30.0808075167122,10.3608656969,-0.0808075167121842
2466,30,30.0762672872507,10.3610415801432,-0.076267287250662
2484,30,30.0718727742595,10.3612660350816,-0.071872774259532
2502,30,30.0676253256913,10.3615342831502,-0.0676253256913135
2520,30,30.0635257210051,10.3618418122773,-0.0635257210051243
2538,30,30.0595742165754,10.3621843681048,-0.0595742165753741
2556,30,30.0557705888904,10.3625579455302,-0.0557705888903541
2574,30,30.0521141755925,10.3629587802019,-0.0521141755925427
2592,30,30.0486039144476,10.3633833397969,-0.0486039144476074
2610,30,30.0452383802454,10.3638283155983,-0.0452383802453795
2628,30,30.042015819724,10.3642906139261,-0.0420158197239715
2646,30,30.0389341845782,10.3647673476032,-0.0389341845781672
2664,30,30.0359911625945,10.3652558275943,-0.0359911625945131
2682,30,30.0331842069986,10.3657535545987,-0.0331842069985626
2700,30,30.0305105640605,10.3662582108301,-0.0305105640605419
2718,30,30.0279672990179,10.3667676519405,-0.0279672990178561
2736,30,30.025551320384,10.36727989904,-0.0255513203839755
2754,30,30.0232594026926,10.3677931309388,-0.0232594026925703
2772,30,30.0210882077434,10.368305676528,-0.0210882077433929
2790,30,30.0190343044119,10.3688160073257,-0.0190343044118677
2808,30,30.0170941870777,10.369322730233,-0.0170941870777419
2826,30,30.0152642927373,10.3698245804495,-0.0152642927373314
2844,30,30.0135410168551,10.3703204145973,-0.013541016855072
2862,30,30.0119207280102,10.3708092040535,-0.0119207280102351
2880,30,30.0103997813969,10.3712900284758,-0.0103997813968917
2898,30,30.0089745312291,10.3717620695519,-0.00897453122913205
2916,30,30.007641342106,10.3722246049544,-0.00764134210601952
2934,30,30.006396599389,10.3726770025051,-0.00639659938904913
2952,30,30.0052367186421,10.3731187145556,-0.00523671864208808
2970,30,30.0041581541845,10.3735492725731,-0.00415815418453391
2988,30,30.0031574068056,10.3739682819374,-0.00315740680559884
3006,30,30.002231030686,10.3743754169486,-0.00223103068602626
3024,30,30.001375639573,10.3747704160375,-0.00137563957299491
3042,30,30.0005879122514,10.375153077184,-0.0005879122513619
3060,30,29.9998645973535,10.3755232535362,0.000135402646520788
3078,30,29.9992025175486,10.375880849225,0.000797482451446285
3096,30,29.9985985731504,10.3762258153764,0.00140142684958633
3114,30,29.9980497451817,10.3765581463104,0.00195025481828992
3132,30,29.9975530979308,10.376877875927,0.00244690206923437
3150,30,29.9971057810357,10.3771850742735,0.00289421896427555
3168,30,29.9967050311294,10.377479844288,0.0032949688705628
3186,30,29.9963481730768,10.3777623187153,0.00365182692320332
3204,30,29.996032620835,10.3780326571904,0.00396737916501877
3222,30,29.9957558779657,10.378291043483,0.00424412203434343
3240,30,29.9955155378268,10.3785376828999,0.00448446217321674
3258,30,29.9953092834704,10.3787727998392,0.00469071652961262
3276,30,29.9951348872714,10.3789966354902,0.00486511272863055
3294,30,29.9949902103111,10.3792094456754,0.00500978968890919
3312,30,29.9948732015383,10.3794114988283,0.00512679846172048
3330,30,29.9947818967286,10.3796030741024,0.00521810327143513
3348,30,29.9947144172628,10.379784459606,0.00528558273719426
3366,30,29.9946689687432,10.3799559507576,0.00533103125680157
3384,30,29.9946438394651,10.3801178487569,0.00535616053490884
3402,30,29.9946373987614,10.380270459167,0.00536260123859833
3420,30,29.9946480952354,10.3804140906015,0.00535190476458425
3438,30,29.9946744548969,10.3805490535133,0.00532554510313332
3456,30,29.9947150792152,10.380675659079,0.00528492078480269
3474,30,29.994768643103,10.3807942181748,0.0052313568970348
3492,30,29.9948338928415,10.3809050404404,0.00516610715848387
3510,30,29.9949096439602,10.3810084334239,0.00509035603979058
3528,30,29.9949947790797,10.3811047018064,0.00500522092033862
3546,30,29.9950882457287,10.3811941467001,0.00491175427133328
3564,30,29.9951890541439,10.3812770650162,0.00481094585614983
3582,30,29.9952962750602,10.3813537488998,0.00470372493976967
3600,30,29.9954090375003,10.3814244852261,0.00459096249969093
3618,36,29.9955265265687,46.7623027145972,6.00447347343126
3636,36,29.9956479812587,16.6470832480209,6.00435201874125
3654,36,29.9957726922764,16.9169016785411,6.00422730772362
3672,36,29.9958999998875,17.1867152482189,6.00410000011253
3690,36,33.1960856172969,0,2.80391438270314
3708,36,33.8294692237331,12.4918603034116,2.17053077626689
3726,36,34.3129046401058,12.8657178641063,1.6870953598942
3744,36,34.8058796134715,12.4006333485546,1.1941203865285
3762,36,33.7726106705312,21.2160267939302,2.22738932946885
3780,36,33.7839166392281,16.0149647204043,2.21608336077188
3798,36,33.8913266357161,15.5205794813232,2.10867336428387
3816,36,33.9562721313132,15.7655347013754,2.04372786868676
3834,36,34.7921611092232,11.1179305178557,1.2078388907768
3852,36,35.1885193946941,13.0020167053243,0.81148060530591
3870,36,35.502155411789,13.1440064335893,0.497844588211009
3888,36,35.8247221894223,12.7988235483503,0.175277810577704
3906,36,35.7293458749035,15.0185497008204,0.270654125096513
3924,36,35.7791085934678,14.2459815540465,0.220891406532189
3942,36,35.8493483676868,14.0820233480205,0.150651632313242
3960,36,35.8876868623071,14.2120389013212,0.112313137692901
3978,36,36.1182809888861,13.0130410681243,-0.118280988886077
3996,36,36.2847932965151,13.1658496290849,-0.284793296515055
4014,36,36.4275897721693,13.1304504268999,-0.427589772169256
4032,36,36.576389822107,12.9321274214376,-0.576389822107046
4050,36,36.6155964401951,13.4220337747228,-0.615596440195141
4068,36,36.6608787472319,13.3183374321568,-0.660878747231919
4086,36,36.7023670457332,13.2663783654468,-0.702367045733205
4104,36,36.7248947475232,13.308307427007,-0.724894747523159
4122,36,36.7887797560526,13.0024351292096,-0.788779756052648
4140,36,36.8439801603536,12.9557899382178,-0.843980160353595
4158,36,36.8923049777446,12.9043724630079,-0.892304977744587
4176,36,36.9424973446209,12.8046392773118,-0.942497344620868
4194,36,36.9643824088928,12.8837474534793,-0.964382408892824
4212,36,36.9799029730998,12.8571095097426,-0.97990297309979
4230,36,36.9901636699977,12.8294358583397,-0.990163669997685
4248,36,36.9910597264928,12.8314462024338,-0.991059726492814
4266,36,36.9983776432293,12.7470533427359,-0.998377643229297
4284,36,37.0035195101325,12.7080472917944,-1.00351951013248
4302,36,37.0059260474104,12.674375750568,-1.00592604741037
4320,36,37.0082910651688,12.6269955774619,-1.00829106516878
4338,36,37.0031669660678,12.6247088364311,-1.00316696606778
4356,36,36.9943473310611,12.6071340554305,-0.994347331061149
4374,36,36.9826513987362,12.5886813138912,-0.982651398736181
4392,36,36.9669931272608,12.580213879447,-0.966993127260821
4410,36,36.9513967453048,12.5520092115696,-0.951396745304791
4428,36,36.9347450495991,12.5312180484399,-0.93474504959908
4446,36,36.916916979714,12.512964172226,-0.916916979714003
4464,36,36.8988242536911,12.4911592284562,-0.898824253691082
4482,36,36.8787901316183,12.4805990751365,-0.878790131618281
4500,36,36.8574287558078,12.4691558635077,-0.857428755807845
4518,36,36.8350437783264,12.4581582063345,-0.835043778326394
4536,36,36.8113687220359,12.4508056480883,-0.81136872203593
4554,36,36.7874161443082,12.4396670949025,-0.787416144308224
4572,36,36.7631745435081,12.4299525306773,-0.763174543508086
4590,36,36.7386879223816,12.4213498945162,-0.738687922381565
4608,36,36.714287061357,12.41208736342,-0.71428706135697
4626,36,36.6896547363977,12.4057596892177,-0.689654736397664
4644,36,36.6649043839971,12.400082982365,-0.664904383997083
4662,36,36.6401448579352,12.3949769800692,-0.640144857935162
4680,36,36.6153240689592,12.3913091908103,-0.615324068959161
4698,36,36.5906987808821,12.3872617005932,-0.590698780882072
4716,36,36.5663348960846,12.3837264191218,-0.566334896084612
4734,36,36.5422775099778,12.3807519000275,-0.542277509977822
4752,36,36.5186461634088,12.3778279017284,-0.518646163408761
4770,36,36.4954010599124,12.3757819494684,-0.495401059912396
4788,36,36.4725728836652,12.3742090887438,-0.472572883665187
4806,36,36.4502001414109,12.3730124797983,-0.45020014141091
4824,36,36.4282754662647,12.372411319747,-0.428275466264658
4842,36,36.406861920546,12.3719657796069,-0.406861920545964
4860,36,36.3859891282731,12.3717926129051,-0.385989128273089
4878,36,36.3656751803275,12.3719078346997,-0.365675180327457
4896,36,36.345956372728,12.3721578545765,-0.345956372728033
4914,36,36.3268302611179,12.3727145452727,-0.326830261117927
4932,36,36.3083025107593,12.3735045290051,-0.308302510759262
4950,36,36.2903806074527,12.3744842030186,-0.29038060745269
4968,36,36.2730583676599,12.3757017311263,-0.273058367659885
4986,36,36.2563441431032,12.377048197148,-0.25634414310322
5004,36,36.240240437102,12.3785233801011,-0.240240437102017
5022,36,36.2247454635775,12.3801233377544,-0.224745463577484
5040,36,36.2098615085135,12.3817977950969,-0.209861508513526
5058,36,36.195581449172,12.3835740454653,-0.195581449171968
5076,36,36.1818978183458,12.3854341437105,-0.181897818345803
5094,36,36.1688030413887,12.3873593874194,-0.168803041388657
5112,36,36.1562853453018,12.3893563272269,-0.156285345301832
5130,36,36.1443354809993,12.3913954782376,-0.144335480999281
5148,36,36.1329430576833,12.3934674756665,-0.132943057683299
5166,36,36.1220962827348,12.3955661399796,-0.122096282734795
5184,36,36.1117842242556,12.3976735038252,-0.11178422425558
5202,36,36.1019937422059,12.3997898391943,-0.10199374220592
5220,36,36.0927111458507,12.4019081655744,-0.0927111458507426
5238,36,36.0839225940781,12.4040202409856,-0.0839225940780892
5256,36,36.0756130795977,12.4061247553042,-0.0756130795977299
5274,36,36.0677680108247,12.408212646799,-0.0677680108246861
5292,36,36.0603726534016,12.4102784806853,-0.0603726534015578
5310,36,36.0534119869219,12.4123184960701,-0.053411986921887
5328,36,36.0468713174462,12.4143261792629,-0.0468713174461826
5346,36,36.0407356204413,12.4162993350518,-0.040735620441346
5364,36,36.0349898309964,12.4182350143841,-0.0349898309964232
5382,36,36.0296190108194,12.420129973305,-0.0296190108193528
5400,36,36.0246081105439,12.4219829542094,-0.0246081105439302
5418,36,36.019942339148,12.4237912471617,-0.0199423391480238
5436,36,36.0156071113081,12.4255528682925,-0.0156071113080998
5454,36,36.0115880109991,12.427266504655,-0.0115880109990982
5472,36,36.0078709592613,12.4289303050283,-0.00787095926131087
5490,36,36.0044420857104,12.4305434934578,-0.00444208571037308
5508,36,36.0012877782936,12.4321054074863,-0.00128777829355897
5526,36,35.9983947376816,12.4336154087109,0.00160526231842795
5544,36,35.9957499232672,12.4350734716075,0.00425007673278799
5562,36,35.9933406366751,12.4364793920676,0.00665936332485018
5580,36,35.9911545261984,12.4378331680187,0.00884547380159262
5598,36,35.9891795783291,12.439135057658,0.0108204216708643
5616,36,35.9874041608999,12.4403852597713,0.0125958391001291
5634,36,35.9858169982156,12.4415842658483,0.0141830017843532
5652,36,35.9844071764376,12.4427326854766,0.0155928235623506
5670,36,35.9831641558532,12.4438311829372,0.0168358441468328
5688,36,35.9820777549277,12.4448806192211,0.0179222450723415
5706,36,35.9811381642152,12.445881870816,0.0188618357847545
5724,36,35.9803359462552,12.44683588405,0.0196640537447976
5742,36,35.979662029006,12.4477436976551,0.0203379709939924
5760,36,35.9791077116599,12.4486063578302,0.0208922883401499
5778,36,35.9786646550532,12.4494249891417,0.0213353449467917
5796,36,35.978324876244,12.4502007625818,0.0216751237560118
5814,36,35.9780807455245,12.4509348702027,0.0219192544755131
5832,36,35.9779249761744,12.4516285562399,0.0220750238255931
5850,36,35.9778506203479,12.4522830747383,0.0221493796521486
5868,36,35.9778510626441,12.4528996924702,0.0221489373559223
5886,36,35.9779200114915,12.4534796936726,0.0220799885084944
5904,36,35.9780514934177,12.4540243565989,0.0219485065823264
5922,36,35.9782398439349,12.4545349654634,0.0217601560651346
5940,36,35.9784796987603,12.455012803629,0.0215203012397467
5958,36,35.9787659857503,12.4554591445522,0.0212340142497069
5976,36,35.9790939150564,12.4558752574944,0.0209060849436327
5994,36,35.9794589705288,12.4562623970969,0.0205410294711967
6012,36,35.9798569008592,12.4566218012526,0.0201430991408174
6030,36,35.9802837101768,12.4569546913593,0.0197162898232008
6048,36,35.9807356494041,12.4572622656304,0.0192643505959111
6066,36,35.9812092070026,12.4575457003324,0.0187907929974287
6084,36,35.9817010997765,12.4578061480036,0.0182989002235132
6102,36,35.982208263984,12.4580447345114,0.0177917360159725
6120,36,35.9827278461476,12.4582625598938,0.0172721538523888
6138,36,35.983257194235,12.4584606958401,0.0167428057650412
6156,36,35.9837938489737,12.458640184637,0.0162061510263172
6174,36,35.9843355351777,12.45880203911,0.0156644648223079
6192,36,35.9848801534119,12.4589472409626,0.0151198465881066
6210,36,35.985425771708,12.4590767408941,0.0145742282920196
6228,36,35.9859706174415,12.4591914583711,0.0140293825585189
6246,36,35.9865130694598,12.4592922810584,0.0134869305402177
6264,36,35.9870516503173,12.4593800652255,0.0129483496826879
6282,36,35.9875850187626,12.4594556355175,0.0124149812373631
6300,36,35.988111962448,12.4595197849905,0.0118880375520476
6318,36,35.9886313908221,12.4595732754886,0.0113686091778646
6336,36,35.9891423282855,12.459616837683,0.0108576717145183
6354,36,35.9896439075468,12.4596511715171,0.0103560924531934
6372,36,35.9901353631963,12.4596769466667,0.00986463680365546
6390,36,35.990616025519,12.4596948029245,0.00938397448100403
6408,36,35.9910853145121,12.4597053508396,0.00891468548787344
6426,36,35.9915427341353,12.4597091722559,0.00845726586470619
6444,36,35.991987866788,12.4597068209007,0.0080121332120342
6462,36,35.9924203680012,12.4596988230793,0.00757963199882994
6480,36,35.9928399613583,12.4596856783023,0.00716003864173587
6498,36,35.9932464336299,12.4596678600028,0.00675356637007241
6516,36,35.9936396301202,12.4596458162768,0.00636036987975785
6534,36,35.9940194502268,12.4596199706043,0.00598054977319151
6552,36,35.9943858432025,12.4595907226322,0.00561415679754873
6570,36,35.9947388041197,12.4595584489377,0.00526119588025864
6588,36,35.9950783700342,12.4595235037966,0.00492162996579992
6606,36,35.9954046163383,12.4594862199723,0.00459538366169454
6624,36,35.9957176533053,12.4594469094854,0.00428234669468708
6642,36,35.9960176228156,12.4594058643917,0.00398237718435723
6660,36,35.99630469526,12.4593633575606,0.00369530473998481
6678,36,35.9965790666157,12.4593196434386,0.00342093338426963
6696,36,35.9968409556887,12.4592749588152,0.00315904431130321
6714,36,35.9970906015167,12.4592295235748,0.00290939848331107
6732,36,35.9973282609286,12.4591835414364,0.00267173907135998
6750,36,35.9975542062536,12.4591372006846,0.00244579374641773
6768,36,35.9977687231747,12.4590906748828,0.00223127682529167
6786,36,35.9979721087225,12.4590441235737,0.00202789127750691
6804,36,35.9981646694014,12.4589976929649,0.00183533059863095
6822,36,35.9983467194448,12.4589515165966,0.00165328055522451
6840,36,35.9985185791928,12.4589057159942,0.00148142080716696
6858,36,35.9986805735875,12.4588604013024,0.00131942641247917
6876,36,35.9988330307802,12.458815671901,0.00116696921981685
6894,36,35.9989762808461,12.4587716170032,0.0010237191539062
6912,36,35.9991106546012,12.4587283162338,0.000889345398825014
6930,36,35.999236482516,12.4586858401889,0.000763517484010379
6948,36,35.999354093722,12.4586442509768,0.000645906277981112
6966,36,35.9994638151057,12.4586036027391,0.000536184894251335
6984,36,35.9995659704858,12.4585639421531,0.000434029514181589
7002,36,35.9996608798688,12.458525308915,0.000339120131179982
7020,36,35.9997488587795,12.458487736204,0.000251141220481088
7038,36,35.9998302176612,12.4584512511275,0.000169782338772961
7056,36,35.9999052613423,12.4584158751481,9.47386577294651e-05
7074,36,35.9999742885648,12.4583816244913,2.57114352208987e-05
7092,36,36.0000375915719,12.458348510536,-3.75915718748843e-05
7110,36,36.0000954557497,12.4583165401865,-9.54557497152564e-05
7128,36,36.0001481593208,12.4582857162276,-0.000148159320836783
7146,36,36.0001959730855,12.4582560376619,-0.000195973085460821
7164,36,36.0002391602075,12.4582275000315,-0.000239160207520683
7182,36,36.0002779760423,12.4582000957225,-0.000277976042269756
7200,36,36.0003126680026,12.4581738142536,-0.000312668002635519
7218,33,36.0003434754613,0,-3.00034347546129
7236,33,36.0003706296859,15.0576154952353,-3.00037062968591
7254,33,36.0003943538049,14.9227105574145,-3.00039435380494
7272,33,36.0004148628014,14.7878066770865,-3.00041486280139
7290,33,34.9046136089337,21.297366727856,-1.90461360893373
7308,33,35.105152909687,14.4464422247494,-2.10515290968696
7326,33,35.364011869496,13.797775828655,-2.36401186949596
7344,33,35.601982759352,13.5594660198182,-2.60198275935196
7362,33,36.4041852278694,9.78347546175394,-3.40418522786941
7380,33,36.6110831182658,12.438394932721,-3.61108311826575
7398,33,36.7193909946701,12.6670837513137,-3.71939099467006
7416,33,36.7999479147127,12.5598930681598,-3.79994791471275
7434,33,36.5445617755157,14.3455251051125,-3.54456177551574
7452,33,36.5117059947266,13.0920595180143,-3.5117059947266
7470,33,36.5135371786695,12.7566802364471,-3.51353717866951
7488,33,36.5070449320859,12.6473483047409,-3.50704493208587
7506,33,36.6572803292353,11.5458437822677,-3.65728032923534
7524,33,36.7015121806235,11.8740298109545,-3.70151218062352
7542,33,36.708439664952,11.889600632009,-3.70843966495202
7560,33,36.7038201670291,11.7859589565459,-3.70382016702909
7578,33,36.6019045796101,12.2140008601326,-3.60190457961015
7596,33,36.52653125917,11.9929624342141,-3.52653125917001
7614,33,36.456625035954,11.8765779216834,-3.456625035954
7632,33,36.379932726831,11.8321699893949,-3.37993272683099
7650,33,36.3428329397731,11.5167762495199,-3.34283293977311
7668,33,36.289663959204,11.5009890088574,-3.28966395920396
7686,33,36.226844752499,11.4647289362064,-3.22684475249901
7704,33,36.1615498053571,11.3974344079863,-3.16154980535708
7722,33,36.0703892857784,11.4773730958224,-3.07038928577838
7740,33,35.9791701351055,11.4307781720979,-2.97917013510548
7758,33,35.8876184480389,11.3900039263095,-2.88761844803889
7776,33,35.7929109348238,11.3707971349675,-2.7929109348238
7794,33,35.7079418813677,11.2808179548734,-2.70794188136767
7812,33,35.6220172298631,11.2497705304234,-2.6220172298631
7830,33,35.5350356813157,11.2241554814654,-2.53503568131567
7848,33,35.448957968354,11.1916184898198,-2.44895796835396
7866,33,35.3576396265006,11.1993051783523,-2.35763962650061
7884,33,35.2660728097736,11.1860647624439,-2.26607280977365
7902,33,35.1750433134485,11.172424904269,-2.17504331344849
7920,33,35.0839526325206,11.1659698658874,-2.08395263252065
7938,33,34.9963055793545,11.1424201441819,-1.99630557935453
7956,33,34.9103552595617,11.1299621302288,-1.9103552595617
7974,33,34.8259053844242,11.1208631514716,-1.82590538442415
7992,33,34.7435375832119,11.110535015793,-1.74353758321188
8010,33,34.6617177355321,11.1111316747655,-1.66171773553206
8028,33,34.5813168119567,11.1095783367477,-1.58131681195673
8046,33,34.502641040658,11.1083651473931,-1.50264104065803
8064,33,34.425543852579,11.1098540523512,-1.42554385257898
8082,33,34.3509291058687,11.1077513105768,-1.35092910586869
8100,33,34.2785833593846,11.107816798415,-1.2785833593846
8118,33,34.2084525273112,11.1091955447587,-1.20845252731115
8136,33,34.1407046969768,11.110494873372,-1.14070469697678
8154,33,34.0749609681389,11.1147563162306,-1.07496096813893
8172,33,34.0113292447243,11.1193166788425,-1.01132924472427
8190,33,33.9498680706651,11.1242724690124,-0.949868070665062
8208,33,33.8905072531743,11.1302481858677,-0.89050725317427
8226,33,33.8334393041032,11.13562663793,-0.833439304103159
8244,33,33.7786317632316,11.1414764713686,-0.778631763231637
8262,33,33.7260481487252,11.1477528790412,-0.726048148725212
8280,33,33.6757085756325,11.1540491544598,-0.675708575632456
8298,33,33.6274934418355,11.1610914738934,-0.627493441835483
8316,33,33.581372763017,11.1683604442372,-0.581372763017022
8334,33,33.5373190185276,11.175776922249,-0.537319018527604
8352,33,33.4952695719116,11.1834884020714,-0.495269571911621
8370,33,33.4552256079359,11.1910803834812,-0.45522560793593
8388,33,33.4171462836376,11.1987163485829,-0.417146283637614
8406,33,33.3809824660467,11.2063990462772,-0.380982466046667
8424,33,33.3466991750204,11.2140056372503,-0.346699175020412
8442,33,33.3142268480823,11.2216962162003,-0.314226848082306
8460,33,33.2835104327473,11.2293708935674,-0.283510432747327
8478,33,33.2544977231377,11.2369884757917,-0.254497723137689
8496,33,33.2271274034507,11.2445797699834,-0.227127403450744
8514,33,33.2013535889302,11.252038640138,-0.201353588930218
8532,33,33.1771239009053,11.2593785344095,-0.177123900905315
8550,33,33.1543835154751,11.2665971961954,-0.154383515475068
8568,33,33.1330818741863,11.2736565873311,-0.133081874186281
8586,33,33.1131608676532,11.2805883286056,-0.113160867653235
8604,33,33.0945649002798,11.2873731719241,-0.0945649002797637
8622,33,33.0772400366083,11.2939970328745,-0.0772400366082522
8640,33,33.0611307205797,11.3004664857135,-0.0611307205797473
8658,33,33.0461857727907,11.3067558578133,-0.04618577279075
8676,33,33.0323541297019,11.3128632392104,-0.0323541297019361
8694,33,33.0195850351823,11.3187877385866,-0.0195850351822671
8712,33,33.0078298740301,11.3245193219627,-0.00782987403008661
8730,33,32.9970393717519,11.3300649807644,0.00296062824814669
8748,33,32.9871655418187,11.3354227735287,0.012834458181338
8766,33,32.9781618547458,11.3405906040326,0.0218381452542431
8784,33,32.9699823921722,11.3455721412435,0.0300176078278156
8802,33,32.9625832782011,11.350363829068,0.0374167217989338
8820,33,32.9559219145547,11.3549666806906,0.0440780854453351
8838,33,32.949956880354,11.3593829555065,0.050043119646034
8856,33,32.9446484005249,11.3636127584858,0.0553515994751237
8874,33,32.9399576866317,11.3676603351019,0.060042313368271
8892,33,32.9358472702457,11.37152866747,0.0641527297543121
8910,33,32.9322810933148,11.3752205552773,0.0677189066851511
8928,33,32.9292242795901,11.378740395974,0.070775720409948
8946,33,32.9266434498035,11.3820910630236,0.0733565501964861
8964,33,32.9245065834162,11.385276273008,0.075493416583825
8982,33,32.9227829523898,11.3883002259727,0.0772170476102119
9000,33,32.9214432191791,11.3911666177541,0.0785567808209322
9018,33,32.9204592660406,11.393880108691,0.0795407339594334
9036,33,32.9198042221586,11.3964452398948,0.0801957778413609
9054,33,32.9194524703113,11.3988664741391,0.0805475296886939
9072,33,32.9193795646151,11.4011486720057,0.0806204353848585
9090,33,32.9195622750794,11.403296352514,0.0804377249206283
9108,33,32.9199785428762,11.4053141353004,0.0800214571237987
9126,33,32.9206074351319,11.4072067355655,0.0793925648680727
9144,33,32.9214291432637,11.4089786945905,0.0785708567363272
9162,33,32.9224249187582,11.410634710168,0.0775750812417684
9180,33,32.9235770461495,11.4121794275636,0.0764229538504679
9198,33,32.9248688186725,11.413617403845,0.075131181327464
9216,33,32.9262844909715,11.4149532259888,0.07371550902851
9234,33,32.927809261024,11.4161913377638,0.0721907389759551
9252,33,32.9294292359423,11.4173361131434,0.0705707640576776
9270,33,32.9311313946735,11.4183918684045,0.0688686053265073
9288,33,32.9329035621085,11.4193627910288,0.0670964378914505
9306,33,32.9347343693986,11.4202530111725,0.0652656306013597
9324,33,32.9366132211253,11.4210665635126,0.0633867788746798
9342,33,32.9385302649658,11.4218073701515,0.0614697350341586
9360,33,32.940476356143,11.4224792691439,0.0595236438569842
9378,33,32.9424430289443,11.4230859753457,0.0575569710557176
9396,33,32.9444224661657,11.4236310909264,0.0555775338342883
9414,33,32.946407467842,11.4241181110753,0.0535925321580137
9432,33,32.9483914234054,11.4245504067061,0.0516085765945604
9450,33,32.9503682814431,11.4249312403428,0.0496317185568671
9468,33,32.9523325211531,11.4252637608988,0.0476674788469396
9486,33,32.9542791252749,11.4255509994027,0.0457208747250775
9504,33,32.9562035524003,11.4257958771721,0.0437964475996964
9522,33,32.9581017114837,11.4260011987444,0.0418982885162933
9540,33,32.9599699367959,11.4261696544169,0.040030063204064
9558,33,32.9618049632815,11.4263038237036,0.0381950367184558
9576,33,32.9636039034069,11.4264061729069,0.0363960965931085
9594,33,32.9653642241736,11.4264790602778,0.0346357758264446
9612,33,32.9670837250593,11.4265247374214,0.0329162749407175
9630,33,32.9687605169863,11.4265453501627,0.0312394830136782
9648,33,32.9703930017709,11.4265429426435,0.0296069982290916
9666,33,32.971979852676,11.4265194580897,0.0280201473239785
9684,33,32.9735199957402,11.4264767413347,0.0264800042597528
9702,33,32.9750125917912,11.4264165419616,0.0249874082088084
9720,33,32.9764570194028,11.4263405159976,0.0235429805972416
9738,33,32.9778528584896,11.4262502292916,0.0221471415103807
9756,33,32.9791998746557,11.4261471602828,0.0208001253442731
9774,33,32.9804980043361,11.4260327024831,0.0195019956638589
9792,33,32.9817473405823,11.4259081677424,0.0182526594177475
9810,33,32.9829481196104,11.4257747887827,0.0170518803895874
9828,33,32.9841007080445,11.4256337219962,0.0158992919554706
9846,33,32.9852055908017,11.4254860504301,0.0147944091982524
9864,33,32.9862633596682,11.4253327863905,0.0137366403318069
9882,33,32.987274702482,11.425174874371,0.0127252975179815
9900,33,32.9882403929238,11.4250131938608,0.0117596070762147
9918,33,32.9891612809124,11.4248485620158,0.0108387190875661
9936,33,32.9900382835547,11.4246817364728,0.00996171644534627
9954,33,32.9908723766566,11.4245134179628,0.00912762334341011
9972,33,32.9916645867708,11.4243442529089,0.0083354132292115
9990,33,32.9924159837484,11.4241748360286,0.00758401625157035
10008,33,32.9931276737925,11.4240057127915,0.00687232620745704
10026,33,32.9938007929791,11.4238373818905,0.00619920702092713
10044,33,32.9944365012284,11.4236702976407,0.00556349877155782
10062,33,32.9950359767133,11.423504872288,0.00496402328673184
10080,33,32.9956004106756,11.4233414782923,0.00439958932437179
10098,33,32.9961310026411,11.4231804505144,0.00386899735892854
10116,33,32.9966289560103,11.4230220883353,0.00337104398967369
10134,33,32.9970954740082,11.4228666577216,0.0029045259917666
10152,33,32.9975317559757,11.4227143932013,0.00246824402429979
10170,33,32.997938993985,11.4225654997834,0.00206100601496217
10188,33,32.9983183697618,11.4224201548083,0.00168163023818835
10206,33,32.9986710518983,11.4222785097207,0.00132894810170825
10224,33,32.998998193341,11.4221406917835,0.00100180665904759
10242,33,32.9993009291377,11.4220068057161,0.000699070862282269
10260,33,32.9995803744303,11.4218769352652,0.000419625569684001
10278,33,32.9998376226767,11.4217511447104,0.000162377323334795
10296,33,33.0000737440902,11.4216294803001,-7.37440902227604e-05
10314,33,33.0002897842825,11.4215119716247,-0.000289784282486494
10332,33,33.0004867630956,11.4213986329261,-0.000486763095615572
10350,33,33.0006656736132,11.4212894643429,-0.000665673613163165
10368,33,33.0008274813366,11.4211844530972,-0.000827481336592939
10386,33,33.0009731235164,11.4210835746196,-0.000973123516388341
10404,33,33.0011035086269,11.4209867936169,-0.00110350862690467
10422,33,33.0012195159743,11.4208940650832,-0.00121951597431291
10440,33,33.0013219954279,11.4208053352557,-0.00132199542787248
10458,33,33.0014117672649,11.4207205425167,-0.001411767264905
10476,33,33.0014896221203,11.4206396182456,-0.00148962212033155
10494,33,33.0015563210323,11.4205624876194,-0.00155632103228953
10512,33,33.0016125955754,11.4204890703658,-0.00161259557540916
10530,33,33.0016591480741,11.4204192814702,-0.00165914807409706
10548,33,33.0016966518884,11.420353031837,-0.00169665188840895
10566,33,33.0017257517655,11.4202902289092,-0.00172575176547696
10584,33,33.00174706425,11.4202307772454,-0.00174706424998305
10602,33,33.0017611781474,11.4201745790573,-0.00176117814741872
10620,33,33.0017686550341,11.4201215347108,-0.00176865503413381
10638,33,33.0017700298089,11.4200715431882,-0.00177002980893803
10656,33,33.0017658112807,11.420024502518,-0.00176581128073394
10674,33,33.0017564827875,11.4199803101702,-0.00175648278754892
10692,33,33.0017425028424,11.419938863421,-0.00174250284236166
10710,33,33.0017243058014,11.4199000596868,-0.00172430580135341
10728,33,33.0017023025509,11.4198637968296,-0.00170230255086068
10746,33,33.0016768812091,11.4198299734362,-0.00167688120911436
10764,33,33.0016484078395,11.4197984890707,-0.00164840783945408
10782,33,33.0016172271719,11.4197692445029,-0.00161722717188439
10800,33,33.0015836633299,11.4197421419147,-0.00158366332988891
