Tempo,Referencia_Temperatura,Saida_Temperatura,Controle_Temperatura,Erro_Temperatura
0,30,22,0,8
18,30,22,0,8
36,30,22,0,8
54,30,22,0,8
72,30,22,0,8
90,30,22,3.63076923076922,8
108,30,22,7.26153846153844,8
126,30,22,10.8923076923077,8
144,30,22,14.5230769230769,8
162,30,22.3193624615385,15.5358416674556,7.68063753846154
180,30,22.9662845287385,15.2494074234559,7.03371547126154
198,30,23.9302187822977,13.6408710674383,6.06978121770231
216,30,25.2009574298154,10.5994755063449,4.7990425701846
234,30,26.5383416951832,7.90576980051173,3.4616583048168
252,30,27.8126224036528,5.44187729551833,2.18737759634717
270,30,28.9029264651325,3.60532096994763,1.09707353486753
288,30,29.6824141322266,2.93994356721065,0.317585867773431
306,30,30.1843832391492,2.70580767568944,-0.184383239149181
324,30,30.439753994047,2.93501413992322,-0.439753994046974
342,30,30.5128171033894,3.36067517324394,-0.512817103389445
360,30,30.5156529125692,3.45493456522968,-0.515652912569188
378,30,30.4944160446952,3.40859290079946,-0.494416044695207
396,30,30.4928322528729,3.09538313089464,-0.492832252872926
414,30,30.5299072645412,2.56019483333351,-0.529907264541166
432,30,30.5762461316124,2.11755947813465,-0.576246131612351
450,30,30.6174964546658,1.74001584204848,-0.617496454665776
468,30,30.6296327068841,1.55802309271512,-0.629632706884099
486,30,30.5927087713987,1.6331323809516,-0.592708771398698
504,30,30.5153154723581,1.82156867951732,-0.515315472358054
522,30,30.4049524853584,2.12140180484934,-0.404952485358415
540,30,30.2802134072011,2.43112369528598,-0.280213407201124
558,30,30.1651711972597,2.64905154000116,-0.165171197259667
576,30,30.0707905095773,2.79630039583419,-0.0707905095772965
594,30,30.0067813425022,2.83645627558206,-0.00678134250220097
612,30,29.9736025586977,2.79852091520865,0.0263974413023362
630,30,29.9622375493751,2.74461625426311,0.0377624506248928
648,30,29.9652997554414,2.68217085512761,0.0347002445585893
666,30,29.9725449663312,2.65320556506451,0.027455033668808
684,30,29.9764244805598,2.66859496528254,0.0235755194402074
702,30,29.9752445294692,2.70756480796101,0.0247554705308346
720,30,29.9683355007715,2.76978101958633,0.0316644992285191
738,30,29.9587833088023,2.82933668660241,0.0412166911976897
756,30,29.9507449157313,2.8681474032465,0.0492550842686938
774,30,29.9464714783263,2.88699950105008,0.0535285216737016
792,30,29.9480065400795,2.87822360784834,0.0519934599204745
810,30,29.9550473698322,2.85146146303746,0.0449526301677921
828,30,29.965578413848,2.81928577305163,0.0344215861520212
846,30,29.977626135317,2.78662871460985,0.0223738646830363
864,30,29.9886099497664,2.76449589674927,0.0113900502335582
882,30,29.9968414178367,2.75484063676394,0.00315858216331577
900,30,30.0018414396268,2.75474558779608,-0.00184143962682626
918,30,30.0036441715928,2.76310064333006,-0.00364417159275732
936,30,30.0032758285029,2.77310812432712,-0.00327582850290042
954,30,30.0019574133493,2.78066349246561,-0.00195741334931654
972,30,30.0006239453831,2.78438620717385,-0.000623945383139812
990,30,30.000067841971,2.78226943109118,-6.78419709956302e-05
1008,30,30.0004524303499,2.77642012032593,-0.000452430349895394
1026,30,30.0015401432427,2.76914177606632,-0.00154014324272822
1044,30,30.00295873859,2.7620279398968,-0.00295873858997453
1062,30,30.0041644121607,2.75760189418739,-0.00416441216067653
1080,30,30.0048059832772,2.75623224850737,-0.00480598327722248
1098,30,30.004756919651,2.75752880681551,-0.00475691965095137
1116,30,30.0040466560717,2.7609571523549,-0.00404665607169008
1134,30,30.002933738573,2.76483901523474,-0.00293373857297752
1152,30,30.001713654411,2.76817425824075,-0.00171365441104854
1170,30,30.0006399307314,2.77034969743252,-0.000639930731409777
1188,30,29.9999089377097,2.77090449002544,9.10622903127489e-05
1206,30,29.999560381601,2.77029894271401,0.000439618399031616
1224,30,29.9995361756558,2.76902600155025,0.000463824344180352
1242,30,29.9997210771603,2.76760472133331,0.000278922839690665
1260,30,29.9999598973783,2.76665992927787,4.0102621682081e-05
1278,30,30.0001405875381,2.76634174915976,-0.000140587538091097
1296,30,30.0002004093341,2.76665373257454,-0.000200409334137674
1314,30,30.0001268097899,2.76745288764423,-0.000126809789946947
1332,30,29.9999652419256,2.76836698579735,3.47580744204379e-05
1350,30,29.9997760804317,2.76915891420067,0.00022391956830603
1368,30,29.9996188324623,2.76964280167354,0.000381167537728544
1386,30,29.999538529553,2.76972027646145,0.000461470447021384
1404,30,29.9995452841702,2.76948938935322,0.000454715829782515
1422,30,29.9996261320707,2.7690653818917,0.000373867929262417
1440,30,29.9997509703265,2.7685992514309,0.00024902967345497
1458,30,29.9998810664601,2.76824424041512,0.000118933539901889
1476,30,29.9999870590148,2.76805298212641,1.29409852220874e-05
1494,30,30.0000511676975,2.76804142006081,-5.11676975065711e-05
1512,30,30.0000700530473,2.76817070432479,-7.00530473380923e-05
1530,30,30.0000547309159,2.76835504731011,-5.47309159095732e-05
1548,30,30.000021272072,2.76853103951729,-2.12720719687809e-05
1566,30,29.9999869000988,2.76864275949094,1.30999011744848e-05
1584,30,29.9999649478962,2.76866388947659,3.50521038399165e-05
1602,30,29.9999605754203,2.76861040815876,3.94245796861981e-05
1620,30,29.9999727623185,2.7685074370266,2.72376814720587e-05
1638,30,29.9999952794878,2.76839363302636,4.7205121624927e-06
1656,30,30.0000194988525,2.7683051765224,-1.94988525024087e-05
1674,30,30.0000383416885,2.7682579626624,-3.83416885298971e-05
1692,30,30.0000472482245,2.76825787709434,-4.72482245470474e-05
1710,30,30.0000453336472,2.76829482430845,-4.53336471792909e-05
1728,30,30.0000351208228,2.76834879241198,-3.51208227584721e-05
1746,30,30.0000206336765,2.76840265500863,-2.06336765486981e-05
1764,30,30.0000063651713,2.76844081018021,-6.36517133401071e-06
1782,30,29.9999958055534,2.76845608520817,4.1944465998256e-06
1800,30,29.9999905210509,2.76845068889079,9.4789491313918e-06
1818,30,29.999990419161,2.76843049354366,9.58083903412899e-06
1836,30,29.9999939508414,2.7684054020457,6.04915857138622e-06
1854,30,29.9999989066031,2.76838445209378,1.09339693921129e-06
1872,30,30.000003305879,2.76837264152271,-3.30587898389467e-06
1890,30,30.0000057596482,2.76837211518182,-5.75964823568142e-06
1908,30,30.0000058245636,2.76838073179373,-5.824563636736e-06
1926,30,30.0000039169153,2.76839403765706,-3.91691526857585e-06
1944,30,30.0000009252001,2.76840764006357,-9.2520009431496e-07
1962,30,29.9999979234054,2.76841748613113,2.07659460471632e-06
1980,30,29.9999957735066,2.76842166273441,4.22649340592329e-06
1998,30,29.9999949070768,2.76842037747615,5.09292317474319e-06
2016,30,29.9999953327406,2.76841504601217,4.66725938252921e-06
2034,30,29.9999966799944,2.76840816051336,3.32000561087398e-06
2052,30,29.9999984013571,2.76840201464659,1.59864290338874e-06
2070,30,29.9999999754995,2.76839808778316,2.45004834198426e-08
2088,30,30.000001023457,2.76839705421546,-1.0234570169132e-06
2106,30,30.0000014048847,2.76839848657994,-1.40488465660837e-06
2124,30,30.0000011983927,2.76840137018487,-1.19839269885347e-06
2142,30,30.0000006218604,2.76840456260699,-6.21860412053366e-07
2160,30,29.9999999529921,2.76840699973858,4.70078873604507e-08
2178,30,29.9999994263913,2.76840813154633,5.73608701870398e-07
2196,30,29.9999991776797,2.76840790632142,8.22320348703443e-07
2214,30,29.9999992324595,2.76840663820366,7.67540480950402e-07
2232,30,29.999999516095,2.76840492402086,4.83905004955432e-07
2250,30,29.9999999025562,2.76840333526377,9.7443777491435e-08
2268,30,30.0000002625235,2.76840228122028,-2.62523514038548e-07
2286,30,30.0000004982098,2.76840195560697,-4.98209828947438e-07
2304,30,30.0000005690728,2.76840227841158,-5.69072803102699e-07
2322,30,30.0000004891817,2.76840301475428,-4.89181722684862e-07
2340,30,30.0000003110627,2.76840386991099,-3.11062699154263e-07
2358,30,30.0000001046731,2.76840456677702,-1.04673084422302e-07
2376,30,29.9999999316657,2.76840494813575,6.83342697982425e-08
2394,30,29.999999830641,2.76840497795497,1.69359005042224e-07
2412,30,29.9999998118368,2.76840472467956,1.88163173930889e-07
2430,30,29.9999998592872,2.76840433095494,1.40712767660034e-07
2448,30,29.9999999423011,2.76840394176813,5.76989016565221e-08
2466,30,30.0000000272059,2.76840366988671,-2.72059352823817e-08
2484,30,30.0000000872505,2.76840357233079,-8.72505090399045e-08
2502,30,30.0000001094405,2.76840363866693,-1.0944045669703e-07
2520,30,30.000000094679,2.76840381637965,-9.46789597833231e-08
2538,30,30.0000000544971,2.76840403204147,-5.44971285876272e-08
2556,30,30.0000000056443,2.76840421516259,-5.64426017035657e-09
2574,30,29.9999999637028,2.76840432223149,3.6297176819744e-08
2592,30,29.9999999390812,2.76840433948651,6.09188397504568e-08
2610,30,29.9999999351265,2.76840428152299,6.48735110075904e-08
2628,30,29.9999999485042,2.76840418234275,5.14957925190629e-08
2646,30,29.999999971801,2.7684040788654,2.81989684935979e-08
2664,30,29.9999999964104,2.76840400160463,3.58956953050438e-09
2682,30,30.0000000152168,2.76840396703833,-1.52167629607902e-08
2700,30,30.0000000243986,2.7684039750161,-2.43986022496756e-08
2718,30,30.0000000236781,2.76840401386477,-2.36780941520465e-08
2736,30,30.0000000156582,2.76840406540822,-1.56582302679453e-08
2754,30,30.0000000044629,2.76840411163145,-4.46289050159976e-09
2772,30,29.9999999941538,2.76840414044785,5.84617154686384e-09
2790,30,29.9999999876345,2.76840414712525,1.23655468087236e-08
2808,30,29.9999999860565,2.76840413442047,1.39434988000176e-08
2826,30,29.9999999888575,2.76840411022282,1.11424895976597e-08
2844,30,29.9999999943383,2.76840408377787,5.66170399451948e-09
2862,30,30.0000000003766,2.76840406312119,-3.76619624375962e-10
2880,30,30.000000005137,2.76840405287294,-5.13698239501537e-09
2898,30,30.000000007551,2.76840405357261,-7.55097318005937e-09
2916,30,30.000000007438,2.76840406264406,-7.43796846336409e-09
2934,30,30.000000005377,2.76840407562138,-5.37703215286456e-09
2952,30,30.0000000023759,2.76840408790362,-2.37588437812519e-09
2970,30,29.9999999994807,2.76840409617173,5.19250420438766e-10
2988,30,29.9999999974803,2.76840409892749,2.51967335884729e-09
3006,30,29.999999996732,2.76840409661619,3.26802407357718e-09
3024,30,29.9999999971541,2.76840409105139,2.84587997612107e-09
3042,30,29.9999999983525,2.76840408454321,1.64754965226166e-09
3060,30,29.9999999997967,2.76840407919624,2.03321803837753e-10
3078,30,30.0000000010051,2.76840407630541,-1.00512664857888e-09
3096,30,30.0000000016734,2.7684040761639,-1.67341340784333e-09
3114,30,30.0000000017194,2.76840407823102,-1.7194032864154e-09
3132,30,30.0000000012605,2.76840408143331,-1.26046728610163e-09
3150,30,30.0000000005348,2.76840408460986,-5.34811306351912e-10
3168,30,29.9999999998054,2.76840408686826,1.94638971606764e-10
3186,30,29.9999999992805,2.76840408776239,7.19499126944356e-10
3204,30,29.9999999990647,2.7684040873416,9.35258981371589e-10
3222,30,29.9999999991516,2.76840408601945,8.48366710215487e-10
3240,30,29.9999999994505,2.76840408437064,5.49452039422249e-10
3258,30,29.99999999983,2.76840408294249,1.70018665812677e-10
3276,30,30.0000000001647,2.7684040820944,-1.64732227858622e-10
3294,30,30.0000000003703,2.76840408193946,-3.70267372318267e-10
3312,30,30.0000000004174,2.76840408237014,-4.17422540976986e-10
3330,30,30.0000000003291,2.76840408313117,-3.29052340930502e-10
3348,30,30.0000000001617,2.76840408393045,-1.6165557781278e-10
3366,30,29.9999999999817,2.76840408452977,1.82929227321438e-11
3384,30,29.9999999998446,2.76840408479901,1.55353063746588e-10
3402,30,29.9999999997811,2.76840408473319,2.18872031609862e-10
3420,30,29.9999999997938,2.76840408442385,2.06163974780793e-10
3438,30,29.9999999998629,2.768404084012,1.37077904582839e-10
3456,30,29.9999999999565,2.76840408363819,4.34887681421969e-11
3474,30,30.0000000000427,2.76840408340026,-4.26716439960728e-11
3492,30,30.0000000000985,2.76840408333619,-9.85096448857803e-11
3510,30,30.0000000001148,2.768404083426,-1.14752651825256e-10
3528,30,30.0000000000955,2.76840408360966,-9.54933909724787e-11
3546,30,30.000000000054,2.76840408381396,-5.40225641998404e-11
3564,30,30.000000000007,2.76840408397577,-7.04147851138259e-12
3582,30,29.9999999999691,2.768404084058,3.08517655867036e-11
3600,30,29.9999999999491,2.76840408405481,5.091393973089e-11
3618,30,29.9999999999486,2.76840408398594,5.14255305006373e-11
3636,30,29.9999999999634,2.76840408388567,3.66462415968272e-11
3654,30,29.9999999999857,2.76840408378987,1.42890144161356e-11
3672,30,30.0000000000075,2.768404083725,-7.48912043491146e-12
3690,30,30.0000000000225,2.76840408370304,-2.24886775868072e-11
3708,30,30.0000000000278,2.76840408372088,-2.78390643870807e-11
3726,30,30.0000000000241,2.76840408376474,-2.4076740601231e-11
3744,30,30.0000000000142,2.76840408381639,-1.42428291383112e-11
3762,30,30.0000000000025,2.76840408385933,-2.46558329308755e-12
3780,30,29.9999999999925,2.76840408388327,7.47846229387505e-12
3798,30,29.9999999999868,2.7684040838855,1.31521460389195e-11
3816,30,29.9999999999861,2.76840408387022,1.38768996293948e-11
3834,30,29.9999999999895,2.76840408384566,1.05373487713223e-11
3852,30,29.999999999995,2.76840408382091,4.9809045776783e-12
3870,30,30.0000000000007,2.76840408380315,-7.105427357601e-13
3888,30,30.0000000000049,2.76840408379586,-4.88853402202949e-12
3906,30,30.0000000000067,2.76840408379884,-6.69686528453894e-12
3924,30,30.0000000000061,2.76840408380902,-6.14264195064607e-12
3942,30,30.0000000000039,2.76840408382183,-3.91509047403815e-12
3960,30,30.000000000001,2.76840408383303,-1.03028696685215e-12
3978,30,29.9999999999985,2.76840408383976,1.53477230924182e-12
3996,30,29.9999999999969,2.76840408384103,3.10507175527164e-12
4014,30,29.9999999999966,2.76840408383774,3.44968498211529e-12
4032,30,29.9999999999973,2.76840408383177,2.73203681899759e-12
4050,30,29.9999999999986,2.76840408382544,1.389111048411e-12
4068,30,30.0000000000001,2.76840408382065,-5.6843418860808e-14
4086,30,30.0000000000012,2.76840408381841,-1.17239551400417e-12
4104,30,30.0000000000017,2.76840408381883,-1.70885527950304e-12
4122,30,30.0000000000016,2.76840408382118,-1.64135371960583e-12
4140,30,30.0000000000011,2.76840408382434,-1.12621023617976e-12
4158,30,30.0000000000004,2.76840408382727,-4.05009359383257e-13
4176,30,29.9999999999997,2.76840408382916,2.70006239588838e-13
4194,30,29.9999999999993,2.76840408382966,7.105427357601e-13
4212,30,29.9999999999992,2.768404083829,8.4909856923332e-13
4230,30,29.9999999999993,2.76840408382759,7.105427357601e-13
4248,30,29.9999999999996,2.76840408382596,3.90798504668055e-13
4266,30,30,2.76840408382472,3.19744231092045e-14
4284,30,30.0000000000003,2.76840408382404,-2.62900812231237e-13
4302,30,30.0000000000004,2.76840408382405,-4.19220214098459e-13
4320,30,30.0000000000004,2.76840408382461,-4.19220214098459e-13
4338,30,30.0000000000003,2.76840408382541,-2.98427949019242e-13
4356,30,30.0000000000001,2.76840408382615,-1.20792265079217e-13
4374,30,29.9999999999999,2.7684040838267,5.6843418860808e-14
4392,30,29.9999999999998,2.76840408382687,1.77635683940025e-13
4410,30,29.9999999999998,2.76840408382672,2.20268248085631e-13
4428,30,29.9999999999998,2.76840408382638,1.91846538655227e-13
4446,30,29.9999999999999,2.76840408382596,1.13686837721616e-13
4464,30,30,2.76840408382563,2.1316282072803e-14
4482,30,30.0000000000001,2.76840408382545,-5.6843418860808e-14
4500,30,30.0000000000001,2.76840408382544,-9.9475983006414e-14
4518,30,30.0000000000001,2.76840408382557,-1.03028696685215e-13
4536,30,30.0000000000001,2.76840408382575,-7.8159700933611e-14
4554,30,30,2.76840408382597,-3.19744231092045e-14
4572,30,30,2.76840408382609,1.06581410364015e-14
4590,30,30,2.76840408382615,4.2632564145606e-14
4608,30,29.9999999999999,2.76840408382613,5.6843418860808e-14
4626,30,30,2.76840408382603,4.9737991503207e-14
4644,30,30,2.76840408382594,3.19744231092045e-14
4662,30,30,2.76840408382584,7.105427357601e-15
4680,30,30,2.76840408382578,-1.4210854715202e-14
4698,30,30,2.76840408382576,-2.8421709430404e-14
4716,30,30,2.76840408382582,-2.8421709430404e-14
4734,30,30,2.76840408382584,-2.48689957516035e-14
4752,30,30,2.76840408382589,-1.4210854715202e-14
4770,30,30,2.76840408382595,0
4788,30,30,2.76840408382594,7.105427357601e-15
4806,30,30,2.76840408382597,1.4210854715202e-14
4824,30,30,2.76840408382594,1.4210854715202e-14
4842,30,30,2.76840408382592,1.06581410364015e-14
4860,30,30,2.76840408382591,7.105427357601e-15
4878,30,30,2.76840408382587,0
4896,30,30,2.76840408382588,-3.5527136788005e-15
4914,30,30,2.76840408382587,-7.105427357601e-15
4932,30,30,2.76840408382588,-7.105427357601e-15
4950,30,30,2.76840408382588,-7.105427357601e-15
4968,30,30,2.7684040838259,-3.5527136788005e-15
4986,30,30,2.76840408382591,0
5004,30,30,2.7684040838259,0
5022,30,30,2.76840408382593,3.5527136788005e-15
5040,30,30,2.76840408382591,3.5527136788005e-15
5058,30,30,2.76840408382591,3.5527136788005e-15
5076,30,30,2.76840408382591,3.5527136788005e-15
5094,30,30,2.76840408382589,0
5112,30,30,2.7684040838259,0
5130,30,30,2.7684040838259,0
5148,30,30,2.76840408382587,-3.5527136788005e-15
5166,30,30,2.76840408382589,-3.5527136788005e-15
5184,30,30,2.76840408382589,-3.5527136788005e-15
5202,30,30,2.76840408382589,-3.5527136788005e-15
5220,30,30,2.76840408382591,0
5238,30,30,2.7684040838259,0
5256,30,30,2.7684040838259,0
5274,30,30,2.76840408382593,3.5527136788005e-15
5292,30,30,2.76840408382588,0
5310,30,30,2.76840408382593,3.5527136788005e-15
5328,30,30,2.76840408382591,3.5527136788005e-15
5346,30,30,2.76840408382588,0
5364,30,30,2.76840408382593,3.5527136788005e-15
5382,30,30,2.76840408382589,0
5400,36,30,51.9539810069028,6
5418,36,30,25.9145579299797,6
5436,36,30,28.6376348530567,6
5454,36,30,31.3607117761336,6
5472,36,34.3263633461538,0,1.67363665384615
5490,36,36.4733447252538,3.89899155321958,-0.473344725253845
5508,36,38.6581744866391,0,-2.65817448663913
5526,36,41.0260350374001,0,-5.02603503740012
5544,36,40.5730227321364,12.7834967756657,-4.57302273213635
5562,36,40.3179266971828,10.6275945338734,-4.31792669718276
5580,36,39.7479353245394,12.1176125763156,-3.74793532453936
5598,36,39.1764518070892,12.3690214864359,-3.17645180708919
5616,36,39.7478064352885,3.5041174365255,-3.74780643528847
5634,36,40.1761982818598,1.03033779564791,-4.17619828185983
5652,36,40.7108843555741,0,-4.71088435557408
5670,36,41.258051657285,0,-5.25805165728495
5688,36,41.0091228830031,2.27725429382774,-5.00912288300312
5706,36,40.5054935964275,2.93913033011685,-4.50549359642752
5724,36,39.9148611220024,3.32182299836194,-3.91486112200241
5742,36,39.3380025938739,3.44258716252333,-3.33800259387392
5760,36,38.9800261980363,2.09687788023571,-2.98002619803627
5778,36,38.7033864826522,1.29613577118328,-2.70338648265216
5796,36,38.472685162227,0.634268835054057,-2.47268516222698
5814,36,38.2619827458805,0.133379047564825,-2.26198274588048
5832,36,37.9403110484659,0.733666839446439,-1.94031104846591
5850,36,37.551714243549,1.49661010673775,-1.55171424354899
5868,36,37.1133366627134,2.52317700245454,-1.11333666271339
5886,36,36.6416476715682,3.7831367716385,-0.641647671568244
5904,36,36.2353988510936,4.56103211069872,-0.235398851093557
5922,36,35.9123951972898,5.15459547445964,0.0876048027102172
5940,36,35.6939724665162,5.43649714950803,0.306027533483757
5958,36,35.5986342344702,5.30986692723981,0.401365765529761
5976,36,35.581202762745,5.17789375191124,0.418797237255006
5994,36,35.6205019051615,4.96224265097465,0.379498094838468
6012,36,35.6863529240511,4.78304660649269,0.313647075948943
6030,36,35.7403800253076,4.7981750899146,0.259619974692377
6048,36,35.7804145455705,4.84680820421115,0.21958545442952
6066,36,35.7995195399801,4.98176667096333,0.200480460019932
6084,36,35.8011496053933,5.15097590565386,0.19885039460673
6102,36,35.8031457762355,5.23267371609245,0.196854223764461
6120,36,35.8094324430908,5.28004883635797,0.190567556909166
6138,36,35.8276351685607,5.24745530604548,0.172364831439317
6156,36,35.8608223491495,5.14088663312139,0.139177650850456
6174,36,35.9009883169342,5.03387853858209,0.0990116830658039
6192,36,35.9444438979899,4.91512891406987,0.0555561020101294
6210,36,35.9838744217714,4.82542251887974,0.0161255782285821
6228,36,36.0124956011475,4.78713625394316,-0.0124956011475064
6246,36,36.0302403120068,4.77320397856503,-0.0302403120068249
6264,36,36.0364237550032,4.79385386842706,-0.0364237550031774
6282,36,36.0339130810254,4.82754645851816,-0.0339130810253536
6300,36,36.0276589853343,4.85138814453156,-0.0276589853342699
6318,36,36.0201859114937,4.87011589057235,-0.0201859114936624
6336,36,36.0146989196613,4.87011068769677,-0.0146989196613063
6354,36,36.0124573171298,4.8555121247375,-0.0124573171297584
6372,36,36.012556504185,4.83829964171246,-0.0125565041850351
6390,36,36.0144211441407,4.81779083319983,-0.0144211441406839
6408,36,36.0163206092722,4.80461342212861,-0.0163206092721779
6426,36,36.0168747955459,4.80176894209011,-0.0168747955459025
6444,36,36.0158228203293,4.8053906794742,-0.0158228203292623
6462,36,36.0129131523792,4.81701892992612,-0.0129131523792338
6480,36,36.008833700824,4.83065182102797,-0.00883370082404156
6498,36,36.0045683341224,4.84205256266026,-0.00456833412238922
6516,36,36.0007444018454,4.85087919268938,-0.000744401845437892
6534,36,35.9980848557408,4.85401225834029,0.00191514425915784
6552,36,35.9967692839169,4.85291676658131,0.00323071608307401
6570,36,35.9965682741554,4.84972428906662,0.00343172584457108
6588,36,35.9972081570605,4.84507267245631,0.0027918429394731
6606,36,35.9981479477376,4.84170315387323,0.00185205226242147
6624,36,35.9989770650039,4.84025205371412,0.00102293499612927
6642,36,35.9994930983189,4.84046065700414,0.000506901681056604
6660,36,35.9995671094537,4.84255773369315,0.000432890546321119
6678,36,35.9993186778468,4.84514553226515,0.000681322153241126
6696,36,35.998933456118,4.84742172085022,0.0010665438819899
6714,36,35.9985716011745,4.84902545171998,0.00142839882550305
6732,36,35.9984069186165,4.84928908400187,0.00159308138352543
6750,36,35.9984858357196,4.84857572030728,0.0015141642804366
6768,36,35.9987755971346,4.84726587974365,0.00122440286538961
6786,36,35.9992086781993,4.84566039038815,0.000791321800711842
6804,36,35.9996591661393,4.844402692893,0.000340833860668965
6822,36,36.0000337427854,4.84364627751882,-3.37427854475436e-05
6840,36,36.0002774134664,4.843429076446,-0.000277413466371002
6858,36,36.0003653520192,4.8437503849956,-0.000365352019187526
6876,36,36.0003316599381,4.84428232089869,-0.000331659938112239
6894,36,36.0002261167655,4.8448354872037,-0.000226116765489337
6912,36,36.0001010169224,4.84525243538816,-0.000101016922400277
6930,36,36.0000071020408,4.84537676814563,-7.10204082565724e-06
6948,36,35.999964635761,4.84527146186048,3.53642390180653e-05
6966,36,35.9999749009573,4.84499978912156,2.50990427090869e-05
6984,36,36.0000243259931,4.84465522252713,-2.43259930741146e-05
7002,36,36.0000852181183,4.84438194448234,-8.52181183148559e-05
7020,36,36.00013551963,4.84422281871365,-0.000135519630013903
7038,36,36.0001597690899,4.84420365924313,-0.000159769089933093
7056,36,36.0001515468254,4.84431479730917,-0.000151546825350124
7074,36,36.0001177979369,4.84448326264265,-0.000117797936901809
7092,36,36.0000697480748,4.84466191013282,-6.97480748002022e-05
7110,36,36.0000207502011,4.84480158099209,-2.07502010738381e-05
7128,36,35.9999830082415,4.84486667337895,1.69917585424173e-05
7146,36,35.9999618654764,4.84486677935353,3.81345235638264e-05
7164,36,35.9999579748302,4.84481462737698,4.20251697761387e-05
7182,36,35.9999674042273,4.84473775116388,3.25957726658999e-05
7200,36,35.9999829664489,4.84467017399488,1.7033551124257e-05
7218,36,35.9999983682087,4.84462624859931,1.63179134204938e-06
7236,36,36.0000086872833,4.84461622976067,-8.68728332648061e-06
7254,36,36.0000116465985,4.84463749486381,-1.16465985300351e-05
7272,36,36.0000081752361,4.84467485214468,-8.17523606855275e-06
7290,36,36.0000006080059,4.84471653409837,-6.08005898072861e-07
7308,36,35.9999921796032,4.84474907538894,7.82039677460489e-06
7326,36,35.9999858420777,4.84476417346545,1.41579222940891e-05
7344,36,35.9999831028063,4.84476267391177,1.68971936957973e-05
7362,36,35.9999843082327,4.84474732965745,1.56917673450607e-05
7380,36,35.9999885493373,4.84472546295489,1.14506626687216e-05
7398,36,35.9999941475404,4.84470509878153,5.85245958006908e-06
7416,36,35.9999995104298,4.84469062848219,4.89570162187647e-07
7434,36,36.0000033433209,4.84468513853009,-3.34332086993072e-06
7452,36,36.0000050512954,4.84468799381264,-5.05129541039651e-06
7470,36,36.000004801739,4.84469593466759,-4.80173896022507e-06
7488,36,36.0000031837571,4.84470582266781,-3.18375705887775e-06
7506,36,36.0000010613242,4.84471402037892,-1.0613241627766e-06
7524,36,35.9999992304404,4.84471837313402,7.69559598268188e-07
7542,36,35.9999981715221,4.84471862618136,1.8284779130795e-06
7560,36,35.9999980568684,4.84471531972404,1.94313160761794e-06
7578,36,35.9999987173071,4.84471023797553,1.28269285681881e-06
7596,36,35.9999997810745,4.84470526576423,2.1892554968872e-07
7614,36,36.000000855002,4.84470166093281,-8.550020140774e-07
7632,36,36.0000016048011,4.84470027448325,-1.60480114175243e-06
7650,36,36.0000018666363,4.84470099408137,-1.86663626777772e-06
7668,36,36.0000016568185,4.84470312208916,-1.65681849750854e-06
7686,36,36.0000011113673,4.84470583572289,-1.11136733238482e-06
7704,36,36.000000443179,4.8447081941147,-4.43178997500127e-07
7722,36,35.9999998527451,4.84470962999004,1.47254851867729e-07
7740,36,35.9999994721656,4.84470998626634,5.27834409069783e-07
7758,36,35.9999993533635,4.84470937531045,6.46636522105837e-07
7776,36,35.9999994596433,4.84470822803698,5.40356666078878e-07
7794,36,35.9999997008048,4.84470700581059,2.99195207276171e-07
7812,36,35.9999999728475,4.84470606757058,2.71524882577978e-08
7830,36,36.0000001842042,4.84470565138143,-1.84204225206486e-07
7848,36,36.0000002847313,4.84470575689182,-2.8473131408191e-07
7866,36,36.0000002686748,4.84470624119442,-2.68674767767152e-07
7884,36,36.0000001643865,4.84470689719922,-1.64386527501392e-07
7902,36,36.0000000220727,4.84470748929235,-2.20727258692932e-08
7920,36,35.9999998915037,4.84470786740993,1.08496280404324e-07
7938,36,35.9999998082753,4.84470797300801,1.91724659259762e-07
7956,36,35.9999997878942,4.84470782812186,2.12105803143459e-07
7974,36,35.9999998235889,4.84470753407238,1.76411099062079e-07
7992,36,35.9999998944072,4.84470720470747,1.05592789623188e-07
8010,36,35.9999999741582,4.84470693834921,2.58417998111327e-08
8028,36,36.0000000391345,4.84470679973409,-3.91345196248949e-08
8046,36,36.0000000754165,4.84470679602795,-7.54165370153714e-08
8064,36,36.0000000800626,4.84470689764065,-8.00626196451049e-08
8082,36,36.0000000594538,4.8447070525198,-5.9453761025452e-08
8100,36,36.0000000259602,4.84470720131022,-2.59601620200556e-08
8118,36,35.9999999925135,4.84470730315052,7.48649142678914e-09
8136,36,35.9999999690628,4.84470733845256,3.09371728235419e-08
8154,36,35.9999999605076,4.84470731020856,3.94923631574784e-08
8172,36,35.9999999661039,4.84470724124496,3.38961356760592e-08
8190,36,35.9999999812351,4.8447071594157,1.87648936389451e-08
8208,36,35.9999999995027,4.84470709071742,4.97337282467925e-10
8226,36,36.0000000148773,4.8447070524778,-1.4877343801345e-08
8244,36,36.0000000235472,4.84470704835645,-2.35471659948416e-08
8262,36,36.0000000243891,4.84470707232889,-2.43890880824438e-08
8280,36,36.0000000187447,4.84470711156649,-1.87446858035401e-08
8298,36,36.0000000095688,4.84470715122157,-9.56880796820769e-09
8316,36,36.0000000001312,4.84470718025733,-1.31237243294891e-10
8334,36,35.9999999930852,4.84470719271701,6.91480295245128e-09
8352,36,35.9999999898394,4.84470718868608,1.01606048019676e-08
8370,36,35.9999999903859,4.84470717325794,9.61411217303976e-09
8388,36,35.9999999936706,4.84470715331417,6.32938679245854e-09
8406,36,35.9999999980933,4.84470713567736,1.90668458799337e-09
8424,36,36.0000000020825,4.84470712504253,-2.08247286082042e-09
8442,36,36.0000000045656,4.84470712286476,-4.56559945405388e-09
8460,36,36.000000005136,4.84470712802036,-5.1359876351853e-09
8478,36,36.0000000040352,4.84470713744787,-4.03515798552689e-09
8496,36,36.0000000019446,4.84470714747727,-1.94456362123674e-09
8514,36,35.9999999996756,4.84470715517304,3.24405391438631e-10
8532,36,35.9999999979221,4.84470715881788,2.07790407102948e-09
8550,36,35.9999999970805,4.8447071582538,2.91945667640903e-09
8568,36,35.9999999971963,4.84470715459603,2.80374479189049e-09
8586,36,35.9999999980362,4.84470714953753,1.96378380223905e-09
8604,36,35.9999999992089,4.84470714484214,7.91096965713223e-10
8622,36,36.0000000003128,4.84470714177372,-3.12766701426881e-10
8640,36,36.0000000010565,4.84470714082683,-1.0564704666649e-09
8658,36,36.0000000013127,4.84470714181226,-1.31267086089792e-09
8676,36,36.0000000011219,4.84470714400885,-1.12186171463691e-09
8694,36,36.0000000006434,4.84470714650727,-6.43396447230771e-10
8712,36,36.0000000000814,4.84470714852829,-8.14424083728227e-11
8730,36,35.9999999996194,4.84470714958483,3.8056668927311e-10
8748,36,35.9999999993705,4.8447071495832,6.29469809609873e-10
8766,36,35.9999999993606,4.84470714875725,6.39417407910514e-10
8784,36,35.9999999995414,4.84470714751713,4.58555859950138e-10
8802,36,35.9999999998197,4.84470714631122,1.80300219199125e-10
8820,36,36.0000000000942,4.84470714547643,-9.42321776165045e-11
8838,36,36.0000000002873,4.84470714516735,-2.87258217213093e-10
8856,36,36.0000000003608,4.8447071453595,-3.60792284936906e-10
8874,36,36.0000000003196,4.84470714588615,-3.19573700835463e-10
8892,36,36.0000000002001,4.84470714652284,-2.00110150672117e-10
8910,36,36.0000000000531,4.84470714706477,-5.30633315065643e-11
8928,36,35.9999999999261,4.84470714737678,7.39248662284808e-11
8946,36,35.9999999998505,4.84470714742121,1.4951240245864e-10
8964,36,35.999999999836,4.84470714724543,1.63993263413431e-10
8982,36,35.9999999998729,4.84470714694796,1.27094779145409e-10
9000,36,35.9999999999388,4.84470714664216,6.11777295489446e-11
9018,36,36.0000000000081,4.84470714641795,-8.10729261502274e-12
9036,36,36.0000000000599,4.8447071463216,-5.99271743340068e-11
9054,36,36.000000000083,4.84470714635351,-8.30198132462101e-11
9072,36,36.000000000077,4.84470714647622,-7.69588837101765e-11
9090,36,36.0000000000498,4.8447071466348,-4.9809045776783e-11
9108,36,36.0000000000139,4.8447071467762,-1.3926637620898e-11
9126,36,35.9999999999815,4.84470714686365,1.84954274118354e-11
9144,36,35.9999999999611,4.84470714688396,3.89093202102231e-11
9162,36,35.9999999999559,4.84470714684628,4.40962821812718e-11
9180,36,35.9999999999641,4.84470714677398,3.58681973011699e-11
9198,36,35.9999999999805,4.8447071466955,1.94972926692571e-11
9216,36,35.9999999999986,4.84470714663465,1.4210854715202e-12
9234,36,36.0000000000129,4.84470714660487,-1.28608235172578e-11
9252,36,36.0000000000201,4.84470714660785,-2.01367811314412e-11
9270,36,36.0000000000199,4.84470714663551,-1.99023020286404e-11
9288,36,36.0000000000139,4.84470714667434,-1.3926637620898e-11
9306,36,36.0000000000052,4.84470714671079,-5.21538368047914e-12
9324,36,35.9999999999969,4.84470714673492,3.11217718262924e-12
9342,36,35.9999999999913,4.84470714674237,8.71835936777643e-12
9360,36,35.9999999999894,4.84470714673478,1.05870867628255e-11
9378,36,35.999999999991,4.84470714671757,8.99547103472287e-12
9396,36,35.9999999999949,4.84470714669771,5.14432940690313e-12
9414,36,35.9999999999994,4.84470714668152,6.32383034826489e-13
9432,36,36.0000000000031,4.84470714667286,-3.09796632791404e-12
9450,36,36.0000000000052,4.8447071466725,-5.15143483426073e-12
9468,36,36.0000000000053,4.84470714667873,-5.30775423612795e-12
9486,36,36.0000000000039,4.84470714668831,-3.93640675611096e-12
9504,36,36.0000000000018,4.84470714669777,-1.76214598468505e-12
9522,36,35.9999999999996,4.84470714670443,4.19220214098459e-13
9540,36,35.999999999998,4.84470714670698,1.98241423277068e-12
9558,36,35.9999999999974,4.84470714670563,2.62190269495477e-12
9576,36,35.9999999999976,4.8447071467016,2.35900188272353e-12
9594,36,35.9999999999985,4.84470714669659,1.46371803566581e-12
9612,36,35.9999999999997,4.8447071466924,3.48165940522449e-13
9630,36,36.0000000000006,4.84470714668987,-6.32383034826489e-13
9648,36,36.0000000000012,4.8447071466895,-1.21502807814977e-12
9666,36,36.0000000000013,4.84470714669087,-1.32160948851379e-12
9684,36,36.000000000001,4.84470714669323,-1.02318153949454e-12
9702,36,36.0000000000005,4.84470714669564,-4.9737991503207e-13
9720,36,35.9999999999999,4.84470714669744,5.6843418860808e-14
9738,36,35.9999999999995,4.8447071466983,4.83169060316868e-13
9756,36,35.9999999999993,4.844707146698,6.67910171614494e-13
9774,36,35.9999999999994,4.84470714669712,6.32383034826489e-13
9792,36,35.9999999999996,4.84470714669583,4.19220214098459e-13
9810,36,35.9999999999999,4.84470714669471,1.35003119794419e-13
9828,36,36.0000000000001,4.84470714669404,-1.20792265079217e-13
9846,36,36.0000000000003,4.84470714669387,-2.8421709430404e-13
9864,36,36.0000000000003,4.84470714669418,-3.26849658449646e-13
9882,36,36.0000000000003,4.8447071466947,-2.70006239588838e-13
9900,36,36.0000000000001,4.84470714669535,-1.4210854715202e-13
9918,36,36,4.84470714669578,-7.105427357601e-15
9936,36,35.9999999999999,4.844707146696,9.9475983006414e-14
9954,36,35.9999999999998,4.84470714669606,1.63424829224823e-13
9972,36,35.9999999999998,4.84470714669577,1.56319401867222e-13
9990,36,35.9999999999999,4.84470714669553,1.13686837721616e-13
10008,36,36,4.84470714669526,4.9737991503207e-14
10026,36,36,4.84470714669501,-2.1316282072803e-14
10044,36,36.0000000000001,4.84470714669499,-6.3948846218409e-14
10062,36,36.0000000000001,4.84470714669499,-8.5265128291212e-14
10080,36,36.0000000000001,4.84470714669517,-7.105427357601e-14
10098,36,36,4.8447071466953,-4.2632564145606e-14
10116,36,36,4.84470714669538,-1.4210854715202e-14
10134,36,36,4.84470714669553,2.1316282072803e-14
10152,36,36,4.84470714669548,3.5527136788005e-14
10170,36,36,4.84470714669543,3.5527136788005e-14
10188,36,36,4.84470714669539,2.8421709430404e-14
10206,36,36,4.84470714669532,1.4210854715202e-14
10224,36,36,4.84470714669528,0
10242,36,36,4.84470714669523,-1.4210854715202e-14
10260,36,36,4.84470714669529,-1.4210854715202e-14
10278,36,36,4.84470714669528,-1.4210854715202e-14
10296,36,36,4.84470714669528,-1.4210854715202e-14
10314,36,36,4.84470714669539,0
10332,36,36,4.84470714669532,0
10350,36,36,4.84470714669538,7.105427357601e-15
10368,36,36,4.84470714669535,7.105427357601e-15
10386,36,36,4.84470714669529,0
10404,36,36,4.84470714669533,0
10422,36,36,4.84470714669533,0
10440,36,36,4.84470714669527,-7.105427357601e-15
10458,36,36,4.84470714669536,0
10476,36,36,4.84470714669532,0
10494,36,36,4.84470714669532,0
10512,36,36,4.84470714669532,0
10530,36,36,4.84470714669532,0
10548,36,36,4.84470714669532,0
10566,36,36,4.84470714669532,0
10584,36,36,4.84470714669532,0
10602,36,36,4.84470714669532,0
10620,36,36,4.84470714669532,0
10638,36,36,4.84470714669532,0
10656,36,36,4.84470714669532,0
10674,36,36,4.84470714669532,0
10692,36,36,4.84470714669532,0
10710,36,36,4.84470714669532,0
10728,36,36,4.84470714669532,0
10746,36,36,4.84470714669532,0
10764,36,36,4.84470714669532,0
10782,36,36,4.84470714669532,0
10800,33,36,0,-3
10818,33,36,13.0197115384615,-3
10836,33,36,11.6581730769231,-3
10854,33,36,10.2966346153846,-3
10872,33,35.5738595593767,12.4284233908982,-2.57385955937668
10890,33,36.2819951084878,3.41246713830162,-3.28199510848783
10908,33,36.9138381015714,0.137977379987202,-3.91383810157144
10926,33,37.3986445964316,0,-4.39864459643161
10944,33,38.0484222320822,0,-5.04842223208223
10962,33,37.8950843207539,2.0806668000225,-4.89508432075386
10980,33,37.4127685537032,3.07781787277909,-4.41276855370322
10998,33,36.9171797111381,2.82563581826938,-3.91717971113811
11016,33,36.4368465244395,2.60968734224422,-3.43684652443946
11034,33,36.1549955180825,1.05779127770079,-3.15499551808249
11052,33,35.980520116502,0,-2.980520116502
11070,33,35.7945563882981,0,-2.79455638829806
11088,33,35.5943022575336,0,-2.59430225753365
11106,33,35.2628923541996,0.579382208069401,-2.26289235419965
11124,33,34.8412113779979,1.4204513411021,-1.84121137799792
11142,33,34.4277243716264,1.95299095220954,-1.42772437162638
11160,33,34.02755164686,2.60332479001984,-1.02755164686002
11178,33,33.6912269428529,2.97570052787753,-0.691226942852907
11196,33,33.4426613906955,3.08737330293938,-0.442661390695456
11214,33,33.2532228753976,3.24785246205709,-0.253222875397626
11232,33,33.1297982712867,3.23659241123267,-0.12979827128671
11250,33,33.0464123085646,3.26958171637227,-0.0464123085645838
11268,33,32.9774295036423,3.41427938615272,0.0225704963577442
11286,33,32.9253521062995,3.5207460701782,0.0746478937005293
11304,33,32.8747780060005,3.71956475620979,0.125221993999475
11322,33,32.8286768173526,3.91187561000341,0.171323182647413
11340,33,32.7969556095762,4.02867005529491,0.203044390423834
11358,33,32.7763571453562,4.13761532223531,0.223642854643799
11376,33,32.7744519587292,4.15598883436236,0.225548041270848
11394,33,32.7905357689231,4.11737137642234,0.209464231076922
11412,33,32.8173537820824,4.06969443565325,0.182646217917579
11430,33,32.8534855646246,3.98495280815264,0.146514435375366
11448,33,32.8906245693044,3.92020399177184,0.109375430695593
11466,33,32.9232644276098,3.8803103370954,0.0767355723901773
11484,33,32.9504630559068,3.84864043152196,0.0495369440931626
11502,33,32.9690893391892,3.84881525927466,0.0309106608107825
11520,33,32.9809892153771,3.85458331001258,0.0190107846229282
11538,33,32.988667298211,3.85731449066286,0.0113327017890441
11556,33,32.9931094031811,3.8628500207496,0.00689059681894832
11574,33,32.9972626504009,3.85322498887882,0.00273734959912986
11592,33,33.0017904106764,3.83726020310609,-0.00179041067637797
11610,33,33.0064419710993,3.82002096909549,-0.00644197109926381
11628,33,33.0114445582125,3.79838653418757,-0.0114445582124745
11646,33,33.0154676200654,3.78419418106186,-0.0154676200654293
11664,33,33.0179078853579,3.77645550456746,-0.0179078853579284
11682,33,33.0186719503249,3.77376260538603,-0.0186719503248511
11700,33,33.0174206998042,3.77920839543684,-0.0174206998042266
11718,33,33.0148512608957,3.78636711816385,-0.0148512608957461
11736,33,33.0116116248583,3.79386691067976,-0.0116116248582614
11754,33,33.0082000478258,3.80103374490285,-0.00820004782583084
11772,33,33.0053636284099,3.80420975823141,-0.00536362840988147
11790,33,33.0032759420215,3.80529242043917,-0.00327594202154557
11808,33,33.0019515987833,3.80465423116466,-0.00195159878329321
11826,33,33.0013384680795,3.80244613306395,-0.00133846807948856
11844,33,33.0010609215029,3.80117469391126,-0.00106092150291914
11862,33,33.0009037088018,3.80065147610064,-0.000903708801750724
11880,33,33.0007009339716,3.80114995911816,-0.000700933971614859
11898,33,33.0003072157987,3.80308733366942,-0.000307215798656557
11916,33,32.9998031003437,3.80519305338408,0.000196899656330629
11934,33,32.9992627235424,3.80729560286092,0.000737276457570601
11952,33,32.9987809302617,3.80898932839926,0.00121906973825503
11970,33,32.9984875994688,3.8096376093521,0.00151240053121171
11988,33,32.9983987942699,3.80964584118406,0.00160120573006139
12006,33,32.9985085069638,3.80904745196682,0.00149149303618401
12024,33,32.9987743689841,3.80807086609576,0.00122563101585627
12042,33,32.999097314103,3.8072542164139,0.000902685896981836
12060,33,32.9994138842111,3.80661690119995,0.000586115788948405
12078,33,32.9996676683461,3.8063200457026,0.000332331653915219
12096,33,32.9998243343376,3.8064031663131,0.000175665662368374
12114,33,32.9998991523562,3.80662058119441,0.000100847643842883
12132,33,32.9999113462414,3.80692504883936,8.86537586168856e-05
12150,33,32.9998937921395,3.80716763988198,0.00010620786048321
12168,33,32.9998826035742,3.80722341127557,0.000117396425849847
12186,33,32.9998913221775,3.80715158441772,0.000108677822538539
12204,33,32.9999276476575,3.80694492061836,7.23523424639438e-05
12222,33,32.9999856915056,3.80667607269535,1.43084944213001e-05
12240,33,33.0000480067819,3.8064499787776,-4.80067818955376e-05
12258,33,33.0001022814923,3.80628199278295,-0.00010228149228908
12276,33,33.0001362648105,3.80621717059518,-0.000136264810521425
12294,33,33.0001444540839,3.80625110251124,-0.000144454083851997
12312,33,33.0001311240056,3.80633407450772,-0.000131124005648076
12330,33,33.0001022962898,3.80644698129193,-0.000102296289838932
12348,33,33.0000678400181,3.8065448202521,-6.78400181186589e-05
12366,33,33.0000371479448,3.80660045779082,-3.71479447522916e-05
12384,33,33.0000149150864,3.80661872420625,-1.49150864174885e-05
12402,33,33.0000037517343,3.80659688893929,-3.75173431166331e-06
12420,33,33.0000021284526,3.80655497891769,-2.12845262126393e-06
12438,33,33.0000059493188,3.80651490940306,-5.94931881181537e-06
12456,33,33.0000115370621,3.80648471954218,-1.15370620790145e-05
12474,33,33.000015117226,3.80647692099724,-1.51172259990062e-05
12492,33,33.0000147845616,3.80648994956144,-1.47845616140785e-05
12510,33,33.0000107247725,3.80651492544656,-1.07247725225079e-05
12528,33,33.0000039362546,3.80654624596396,-3.93625463601666e-06
12546,33,32.9999965267006,3.80657265758375,3.47329937255836e-06
12564,33,32.9999904620322,3.8065884300807,9.537967841311e-06
12582,33,32.9999868558403,3.80659324845095,1.31441597233106e-05
12600,33,32.9999862478477,3.80658691077232,1.37521522702855e-05
12618,33,32.9999881420201,3.80657470990967,1.18579799419649e-05
12636,33,32.999991496984,3.80656166915727,8.50301599086833e-06
12654,33,32.999995248024,3.80655086156599,4.75197602156641e-06
12672,33,32.9999983453438,3.8065456092032,1.65465624490935e-06
12690,33,33.0000002374832,3.80654569694445,-2.37483170906216e-07
12708,33,33.0000008595287,3.80654956032871,-8.59528725527525e-07
12726,33,33.0000004445313,3.80655555414741,-4.44531259802261e-07
12744,33,32.9999995258882,3.80656089366903,4.74111764958707e-07
12762,33,32.9999986178087,3.80656414916702,1.38219128587025e-06
12780,33,32.9999980792392,3.80656483833812,1.92076076643843e-06
12798,33,32.9999981048926,3.80656291800452,1.89510738834997e-06
12816,33,32.9999986298928,3.80655959732807,1.37010719925001e-06
12834,33,32.9999994515198,3.80655600049959,5.48480237227977e-07
12852,33,33.0000003238803,3.80655303684004,-3.23880307462332e-07
12870,33,33.0000010027462,3.80655150665829,-1.00274618120011e-06
12888,33,33.0000013578914,3.80655139454223,-1.35789137090114e-06
12906,33,33.0000013683216,3.8065523952428,-1.36832161246048e-06
12924,33,33.0000010994247,3.80655402854397,-1.09942465087443e-06
12942,33,33.0000006895064,3.80655560089419,-6.89506350681768e-07
12960,33,33.0000002751371,3.80655671975051,-2.75137075789189e-07
12978,33,32.9999999615614,3.80655717906435,3.84385643314999e-08
12996,33,32.9999998068417,3.80655696163647,1.93158328443133e-07
13014,33,32.9999998037213,3.80655633319224,1.96278691078078e-07
13032,33,32.9999999071193,3.80655555969944,9.28807111222341e-08
13050,33,33.0000000532841,3.80655489931711,-5.32840829237102e-08
13068,33,33.0000001779553,3.80655455380741,-1.77955314484279e-07
13086,33,33.0000002422275,3.8065545438086,-2.42227471858314e-07
13104,33,33.0000002331949,3.806554816025,-2.33194853649366e-07
13122,33,33.0000001624288,3.80655524700191,-1.62428790417835e-07
13140,33,33.000000060189,3.80655567216991,-6.01890022267071e-08
13158,33,32.9999999586032,3.80655598750078,4.13968024304268e-08
13176,33,32.9999998841817,3.80655612938883,1.15818281187785e-07
13194,33,32.9999998514509,3.8065560935084,1.48549077039206e-07
13212,33,32.9999998593655,3.80655593914299,1.40634490719549e-07
13230,33,32.9999998969259,3.8065557330054,1.03074142998594e-07
13248,33,32.9999999473623,3.80655554638284,5.26377377241261e-08
13266,33,32.9999999937408,3.80655543185938,6.25921359187487e-09
13284,33,33.0000000248653,3.80655540188095,-2.48653009293776e-08
13302,33,33.00000003607,3.80655544794719,-3.60700340706899e-08
13320,33,33.0000000294494,3.80655553956284,-2.9449410021698e-08
13338,33,33.0000000120186,3.80655563735067,-1.20185745799972e-08
13356,33,32.9999999919292,3.80655571302165,8.07080624554146e-09
13374,33,32.9999999763861,3.80655574779726,2.36139214848663e-08
13392,33,32.9999999696364,3.80655573933528,3.03635516729628e-08
13410,33,32.9999999721719,3.80655569997508,2.78281078180953e-08
13428,33,32.9999999817795,3.80655564600014,1.82205468490793e-08
13446,33,32.9999999945217,3.80655559587002,5.4783129144198e-09
13464,33,33.0000000062863,3.80655556299782,-6.2863065863894e-09
13482,33,33.0000000141669,3.8065555519394,-1.41669147524226e-08
13500,33,33.0000000168458,3.80655556132714,-1.68457887639306e-08
13518,33,33.0000000147542,3.80655558366943,-1.47542209560925e-08
13536,33,33.0000000095834,3.80655560933511,-9.58340251600021e-09
13554,33,33.0000000034391,3.80655563056693,-3.43906236821567e-09
13572,33,32.999999998262,3.80655564199094,1.73797332081449e-09
13590,33,32.9999999952647,3.8065556425331,4.73529127020811e-09
13608,33,32.9999999947352,3.80655563465463,5.26481613860597e-09
13626,33,32.9999999962209,3.80655562232639,3.77910680526838e-09
13644,33,32.9999999987717,3.80655561025323,1.22830812188113e-09
13662,33,33.0000000013462,3.80655560193391,-1.34618716174373e-09
13680,33,33.0000000031476,3.80655559889755,-3.14755510544273e-09
13698,33,33.0000000037664,3.80655560103111,-3.76642361743507e-09
13716,33,33.0000000032407,3.80655560659846,-3.24065752010938e-09
13734,33,33.0000000019386,3.80655561328097,-1.93860927311107e-09
13752,33,33.0000000003691,3.80655561902601,-3.69055896953796e-10
13770,33,32.9999999990223,3.80655562237498,9.77742331542686e-10
13788,33,32.9999999982194,3.80655562294412,1.78061299038745e-09
13806,33,32.9999999980585,3.80655562122232,1.94149407661826e-09
13824,33,32.9999999984421,3.80655561818728,1.5578507372993e-09
13842,33,32.9999999991373,3.80655561503517,8.62740989759914e-10
13860,33,32.9999999998771,3.80655561269406,1.22909682431782e-10
13878,33,33.0000000004445,3.80655561164466,-4.44543957200949e-10
13896,33,33.000000000718,3.80655561192142,-7.18003434485581e-10
13914,33,33.00000000069,3.80655561313642,-6.89951207277772e-10
13932,33,33.0000000004408,3.80655561473096,-4.40834924120281e-10
13950,33,33.0000000000955,3.80655561616746,-9.55182599682303e-11
13968,33,32.9999999997803,3.8065556170526,2.1967849761495e-10
13986,33,32.9999999995836,3.80655561725437,4.16449097428995e-10
14004,33,32.9999999995396,3.80655561686072,4.60438798199903e-10
14022,33,32.9999999996315,3.80655561610544,3.68537200756691e-10
14040,33,32.9999999998056,3.80655561528602,1.94432914213394e-10
14058,33,32.9999999999963,3.80655561464516,3.68061137123732e-12
14076,33,33.0000000001473,3.80655561432332,-1.47331036259857e-10
14094,33,33.000000000225,3.80655561434331,-2.25043095269939e-10
14112,33,33.0000000002243,3.80655561461953,-2.24332552534179e-10
14130,33,33.0000000001631,3.80655561501623,-1.63105084993731e-10
14148,33,33.0000000000723,3.80655561539328,-7.22764070815174e-11
14166,33,32.9999999999845,3.80655561564465,1.55040424942854e-11
14184,33,32.9999999999239,3.80655561572739,7.60707052904763e-11
14202,33,32.9999999999016,3.80655561565441,9.83746417659859e-11
14220,33,32.9999999999152,3.80655561548071,8.47819592308952e-11
14238,33,32.9999999999524,3.80655561527954,4.75992578685691e-11
14256,33,32.9999999999969,3.80655561511424,3.05533376376843e-12
14274,33,33.0000000000341,3.80655561502487,-3.40634187523392e-11
14292,33,33.0000000000543,3.80655561502123,-5.43280975762173e-11
14310,33,33.0000000000554,3.80655561508521,-5.5365489970427e-11
14328,33,33.0000000000408,3.80655561518446,-4.0799363887345e-11
14346,33,33.000000000018,3.80655561528298,-1.80051529241609e-11
14364,33,32.9999999999952,3.80655561535269,4.82458517581108e-12
14382,33,32.9999999999787,3.80655561538063,2.1316282072803e-11
14400,33,32.9999999999718,3.80655561536786,2.82227574643912e-11
14418,33,32.9999999999743,3.80655561532718,2.57358578892308e-11
14436,33,32.9999999999833,3.80655561527663,1.66906488630048e-11
14454,33,32.9999999999949,3.8065556152328,5.13011855218792e-12
14472,33,33.0000000000051,3.80655561520684,-5.08038056068472e-12
14490,33,33.0000000000113,3.80655561520234,-1.13189457806584e-11
14508,33,33.0000000000127,3.80655561521581,-1.2697398688033e-11
14526,33,33.0000000000099,3.80655561523937,-9.9262820185686e-12
14544,33,33.0000000000047,3.80655561526416,-4.73221462016227e-12
14562,33,32.9999999999992,3.80655561528261,8.17124146124115e-13
14580,33,32.999999999995,3.80655561529091,5.03064256918151e-12
14598,33,32.999999999993,3.80655561528884,6.96331881044898e-12
14616,33,32.9999999999935,3.80655561527924,6.53699316899292e-12
14634,33,32.9999999999956,3.80655561526649,4.36983782492462e-12
14652,33,32.9999999999986,3.80655561525492,1.4495071809506e-12
14670,33,33.0000000000012,3.80655561524762,-1.22923893286497e-12
14688,33,33.000000000003,3.80655561524563,-2.97006863547722e-12
14706,33,33.0000000000035,3.80655561524838,-3.48876483258209e-12
14724,33,33.0000000000029,3.80655561525406,-2.90611978925881e-12
14742,33,33.0000000000016,3.80655561526031,-1.64135371960583e-12
14760,33,33.0000000000002,3.80655561526533,-1.98951966012828e-13
14778,33,32.999999999999,3.80655561526776,9.52127265918534e-13
14796,33,32.9999999999984,3.80655561526768,1.56319401867222e-12
14814,33,32.9999999999984,3.80655561526552,1.57029944602982e-12
14832,33,32.9999999999989,3.80655561526241,1.10844666778576e-12
14850,33,32.9999999999996,3.80655561525948,4.19220214098459e-13
14868,33,33.0000000000003,3.80655561525744,-2.55795384873636e-13
14886,33,33.0000000000007,3.80655561525683,-7.105427357601e-13
14904,33,33.0000000000009,3.80655561525735,-8.73967564984923e-13
14922,33,33.0000000000008,3.80655561525873,-7.53175299905706e-13
14940,33,33.0000000000004,3.80655561526037,-4.40536496171262e-13
14958,33,33.0000000000001,3.80655561526164,-7.8159700933611e-14
14976,33,32.9999999999998,3.80655561526238,2.27373675443232e-13
14994,33,32.9999999999996,3.80655561526247,4.05009359383257e-13
15012,33,32.9999999999996,3.80655561526192,4.19220214098459e-13
15030,33,32.9999999999997,3.80655561526123,3.19744231092045e-13
15048,33,32.9999999999999,3.80655561526045,1.49213974509621e-13
15066,33,33,3.80655561525988,-2.8421709430404e-14
15084,33,33.0000000000002,3.80655561525967,-1.56319401867222e-13
15102,33,33.0000000000002,3.80655561525974,-2.1316282072803e-13
15120,33,33.0000000000002,3.80655561526009,-1.91846538655227e-13
15138,33,33.0000000000001,3.80655561526049,-1.20792265079217e-13
15156,33,33,3.80655561526085,-2.8421709430404e-14
15174,33,32.9999999999999,3.80655561526109,5.6843418860808e-14
15192,33,32.9999999999999,3.80655561526106,9.9475983006414e-14
15210,33,32.9999999999999,3.80655561526102,1.13686837721616e-13
15228,33,32.9999999999999,3.80655561526082,9.2370555648813e-14
15246,33,33,3.80655561526056,4.2632564145606e-14
15264,33,33,3.80655561526047,0
15282,33,33,3.80655561526038,-3.5527136788005e-14
15300,33,33.0000000000001,3.80655561526036,-5.6843418860808e-14
15318,33,33,3.8065556152605,-4.9737991503207e-14
15336,33,33,3.80655561526056,-3.5527136788005e-14
15354,33,33,3.80655561526065,-1.4210854715202e-14
15372,33,33,3.80655561526071,7.105427357601e-15
15390,33,33,3.80655561526073,2.1316282072803e-14
15408,33,33,3.80655561526073,2.8421709430404e-14
15426,33,33,3.80655561526065,2.1316282072803e-14
15444,33,33,3.80655561526064,1.4210854715202e-14
15462,33,33,3.80655561526056,0
15480,33,33,3.80655561526057,-7.105427357601e-15
15498,33,33,3.80655561526054,-1.4210854715202e-14
15516,33,33,3.80655561526057,-1.4210854715202e-14
15534,33,33,3.80655561526062,-7.105427357601e-15
15552,33,33,3.80655561526064,0
15570,33,33,3.80655561526061,0
15588,33,33,3.80655561526067,7.105427357601e-15
15606,33,33,3.80655561526064,7.105427357601e-15
15624,33,33,3.80655561526064,7.105427357601e-15
15642,33,33,3.80655561526064,7.105427357601e-15
15660,33,33,3.80655561526059,0
15678,33,33,3.80655561526062,0
15696,33,33,3.80655561526062,0
15714,33,33,3.80655561526056,-7.105427357601e-15
15732,33,33,3.80655561526059,-7.105427357601e-15
15750,33,33,3.80655561526059,-7.105427357601e-15
15768,33,33,3.80655561526059,-7.105427357601e-15
15786,33,33,3.80655561526064,0
15804,33,33,3.80655561526061,0
15822,33,33,3.80655561526061,0
15840,33,33,3.80655561526061,0
15858,33,33,3.80655561526061,0
15876,33,33,3.80655561526061,0
15894,33,33,3.80655561526061,0
15912,33,33,3.80655561526061,0
15930,33,33,3.80655561526061,0
15948,33,33,3.80655561526061,0
15966,33,33,3.80655561526061,0
15984,33,33,3.80655561526061,0
16002,33,33,3.80655561526061,0
16020,33,33,3.80655561526061,0
16038,33,33,3.80655561526061,0
16056,33,33,3.80655561526061,0
16074,33,33,3.80655561526061,0
16092,33,33,3.80655561526061,0
16110,33,33,3.80655561526061,0
16128,33,33,3.80655561526061,0
16146,33,33,3.80655561526061,0
16164,33,33,3.80655561526061,0
16182,33,33,3.80655561526061,0
