Tempo,Referencia_Umidade,Saida_Umidade,Controle_Umidade,Erro_Umidade
0,55,50,0,5
18,55,50,0,5
36,55,50,0.642,5
54,55,50.157611,1.181548909725,4.842389
72,55,51.6325746901375,0.876169091518378,3.36742530986251
90,55,53.9005680038802,0.130208737872964,1.09943199611982
108,55,55.1987602071065,0,-0.198760207106453
126,55,54.9471983664745,0.398450485636595,0.0528016335255117
144,55,54.5740446762099,0.597319848618721,0.425955323790099
162,55,55.0299416035254,0.280804152905774,-0.0299416035254083
180,55,55.7364193794765,0,-0.736419379476544
198,55,55.7151352163313,0.061016093623911,-0.715135216331277
216,55,55.1860337947212,0.308851748198043,-0.186033794721205
234,55,54.8821855606295,0.376322984610806,0.117814439370541
252,55,55.0870327053616,0.197335041406798,-0.0870327053616293
270,55,55.3545406027142,0.0533706794736738,-0.354540602714167
288,55,55.2267100315359,0.144609505021698,-0.226710031535873
306,55,54.8643786699528,0.325378371942898,0.135621330047222
324,55,54.7514453757708,0.343508885853989,0.248554624229193
342,55,54.9915713846359,0.196678148547252,0.00842861536413864
360,55,55.206676381948,0.10611203741075,-0.206676381947979
378,55,55.1046427552057,0.18905463827753,-0.104642755205688
396,55,54.8634170765279,0.311950733926457,0.136582923472069
414,55,54.8303467949621,0.302588589290359,0.169653205037875
432,55,55.0278192004611,0.189375335193637,-0.0278192004610602
450,55,55.1612005307509,0.138720051986014,-0.161200530750889
468,55,55.0578525144629,0.211960327514615,-0.0578525144628728
486,55,54.8876489926527,0.294434413154452,0.112351007347293
504,55,54.8907823091064,0.272676466906864,0.109217690893594
522,55,55.0424198240908,0.188760464353408,-0.0424198240907785
540,55,55.118354467485,0.164376618811546,-0.118354467485027
558,55,55.0242348899752,0.225594371388257,-0.0242348899752116
576,55,54.9085310471842,0.27881026168778,0.0914689528158306
594,55,54.9313226908612,0.252526653588195,0.0686773091387636
612,55,55.0449524432416,0.192055213803269,-0.0449524432416126
630,55,55.08379484119,0.183831759435927,-0.0837948411900484
648,55,55.0038994638486,0.232799250571916,-0.0038994638485832
666,55,54.9282620092914,0.265435785733191,0.0717379907086482
684,55,54.9593577507232,0.239259170095381,0.0406422492767717
702,55,55.0420645026481,0.196954761607309,-0.0420645026481239
720,55,55.0575877448789,0.19805622604117,-0.0575877448788873
738,55,54.9928366445036,0.235866144092724,0.00716335549641656
756,55,54.9455908207926,0.254506195983431,0.0544091792074468
774,55,54.9780856690763,0.230891177455976,0.0219143309236642
792,55,55.0365277777387,0.202235424800224,-0.0365277777387476
810,55,55.0382347407517,0.208160637556477,-0.0382347407516903
828,55,54.9876762389039,0.236458046462064,0.012323761096134
846,55,54.9599521429597,0.245918473419689,0.0400478570402925
864,55,54.9900777730121,0.225916058840076,0.00992222698792489
882,55,55.030106388288,0.207214426669869,-0.0301063882879689
900,55,55.0243485158425,0.215122268389783,-0.0243485158425045
918,55,54.98612681747,0.235685805280834,0.0138731825300198
936,55,54.9713719292638,0.239389939887935,0.0286280707362181
954,55,54.9973643219102,0.223209879694083,0.00263567808976006
972,55,55.0238330615798,0.211557682031775,-0.0238330615798361
990,55,55.0146808302045,0.219756987020905,-0.0146808302044761
1008,55,54.9866348632,0.234266381705037,0.0133651367999761
1026,55,54.980145429674,0.23457403716761,0.0198545703259541
1044,55,55.0014673783004,0.221961621740442,-0.00146737830043975
1062,55,55.0182381374898,0.215149513567788,-0.0182381374897744
1080,55,55.0081673434145,0.222718638195224,-0.00816734341452729
1098,55,54.9881816788566,0.232640679843724,0.0118183211434086
1116,55,54.9866812047179,0.231123874028575,0.0133187952820535
1134,55,55.0034954957307,0.221603265203134,-0.00349549573073915
1152,55,55.0135368467039,0.218000681519392,-0.0135368467039427
1170,55,55.0039438088754,0.224512810856105,-0.00394380887539825
1188,55,54.9901295270954,0.23106145109621,0.00987047290462328
1206,55,54.9914092258501,0.228725493352023,0.00859077414992271
1224,55,55.0042330282659,0.221749496150198,-0.00423302826588667
1242,55,55.0097574923548,0.220187710911147,-0.00975749235477963
1260,55,55.001334470416,0.225518369336375,-0.00133447041601187
1278,55,54.9921030201974,0.229657827986835,0.00789697980258097
1296,55,54.9947296417351,0.22711237082836,0.00527035826491584
1314,55,55.0042179473877,0.222148414893755,-0.00421794738765868
1332,55,55.006826855731,0.221814566124861,-0.00682685573097785
1350,55,54.9998278024855,0.226010969671293,0.000172197514530126
1368,55,54.9939013128305,0.228481261212736,0.00609868716947659
1386,55,54.9969885597924,0.226068542951861,0.00301144020757249
1404,55,55.0038065534015,0.222642724500524,-0.00380655340147484
1422,55,55.0046250651596,0.222989769906042,-0.00462506515955852
1440,55,54.9990479995598,0.226185357527513,0.000952000440214817
1458,55,54.9954350152291,0.227537225737641,0.00456498477090861
1476,55,54.9984704239168,0.225425423268657,0.00152957608320747
1494,55,55.003225055876,0.223140170066413,-0.00322505587602251
1512,55,55.0030190583971,0.223813874440021,-0.00301905839705086
1530,55,54.9987269280668,0.226174891115541,0.00127307193319837
1548,55,54.9966821916121,0.226806374718219,0.00331780838789086
1566,55,54.9993998834589,0.225055588421291,0.000600116541100704
1584,55,55.0026092758594,0.223591695016801,-0.00260927585939186
1602,55,55.0018815286836,0.22437360220475,-0.00188152868359737
1620,55,54.9986790044806,0.226067730439694,0.00132099551941423
1638,55,54.9976586535977,0.226258093428836,0.00234134640234629
1656,55,54.9999484999037,0.224865557065906,5.15000962764134e-05
1674,55,55.0020342735911,0.223975765052309,-0.00203427359106456
1692,55,55.0011003872217,0.224740072156473,-0.00110038722171879
1710,55,54.9987800229554,0.225919716266577,0.00121997704461307
1728,55,54.9983986499739,0.225858740210445,0.0016013500260712
1746,55,55.0002433689203,0.224788727166267,-0.00024336892030874
1764,55,55.0015358181717,0.22428745101086,-0.00153581817173176
1782,55,55.0005823085787,0.224969354661882,-0.000582308578707114
1800,55,54.9989500953108,0.225764267807745,0.00104990468919652
1818,55,54.9989428978471,0.225576291314326,0.00105710215292731
1836,55,55.0003759300224,0.224779072499852,-0.000375930022372017
1854,55,55.0011254922494,0.224531070978502,-0.00112549224943592
1872,55,55.0002528098147,0.225104204095097,-0.000252809814732302
1890,55,54.9991403960845,0.22561975813639,0.000859603915458251
1908,55,54.9993316384535,0.225382640953626,0.000668361546487972
1926,55,55.0004100327838,0.224805843301949,-0.000410032783761949
1944,55,55.0008009881357,0.224715417202371,-0.00080098813570828
1962,55,55.0000544901197,0.22517624811608,-5.44901197088166e-05
1980,55,54.999323186324,0.225494851170029,0.000676813675958954
1998,55,54.9996010126772,0.225254442146811,0.00039898732281074
2016,55,55.0003888386541,0.224849304450489,-0.000388838654146184
2034,55,55.0005528778293,0.224850805589122,-0.00055287782925717
2052,55,54.99994446665,0.225208208912144,5.55333499931976e-05
2070,55,54.9994845243589,0.225392250889205,0.000515475641073238
2088,55,54.9997815376901,0.225173095948805,0.000218462309945266
2106,55,55.0003404472693,0.2248974296097,-0.000340447269316257
2124,55,55.0003688719868,0.22494737063769,-0.000368871986779595
2142,55,54.9998916308057,0.225215928882246,0.000108369194279589
2160,55,54.9996190938154,0.225311252831944,0.000380906184552998
2178,55,54.9998978397354,0.225124291635766,0.000102160264624729
2196,55,55.0002823105321,0.224943416784316,-0.000282310532057295
2214,55,55.0002363444572,0.225014181663394,-0.000236344457199777
2232,55,54.9998740720331,0.225210099223782,0.000125927966877271
2250,55,54.9997266452639,0.225249418555318,0.000273354736108899
2268,55,54.9999690763393,0.225097353548034,3.09236606526042e-05
2286,55,55.0002245838478,0.22498387561241,-0.000224583847774795
2304,55,55.0001436987096,0.225058877602185,-0.000143698709585749
2322,55,54.9998768365634,0.225197666173621,0.000123163436633433
2340,55,54.9998096310066,0.22520362643281,0.000190368993358447
2358,55,55.0000096825026,0.225084548223106,-9.68250255795056e-06
2376,55,55.00017259512,0.225017543046985,-0.000172595120012886
2394,55,55.0000809915116,0.225087610813004,-8.09915116093407e-05
2412,55,54.9998900775291,0.225182932390452,0.000109922470890922
2430,55,54.9998716966597,0.225170692342616,0.000128303340304114
2448,55,55.0000302167456,0.225080436810768,-3.02167455643598e-05
2466,55,55.0001286113368,0.225044401128712,-0.000128611336776885
2484,55,55.0000401044139,0.225105159560449,-4.01044139408668e-05
2502,55,54.9999075888554,0.22516839187825,9.24111446067855e-05
2520,55,54.9999167698209,0.225147703678153,8.32301790580914e-05
2538,55,55.0000381790074,0.225081313357913,-3.81790074257538e-05
2556,55,55.0000930649698,0.225065091643736,-9.30649697536978e-05
2574,55,55.0000146598491,0.225115118886355,-1.46598491141958e-05
2592,55,54.9999256822002,0.225155344230622,7.43177997790667e-05
2610,55,54.999948551462,0.225132169903432,5.14485380236351e-05
2628,55,55.0000387354411,0.225084742200314,-3.8735441115989e-05
2646,55,55.0000653775868,0.225080543669732,-6.53775868144635e-05
2664,55,54.9999998102839,0.225120114654173,1.89716146792307e-07
2682,55,54.9999423526112,0.225144333497264,5.76473888429518e-05
2700,55,54.9999702688048,0.225122061752633,2.97311951982238e-05
2718,55,55.0000353246812,0.225089191978363,-3.53246812423436e-05
2736,55,55.0000444918179,0.225091749256467,-4.44918179454135e-05
2754,55,54.9999919804469,0.225122009367803,8.01955309270852e-06
2772,55,54.9999566765685,0.225135452388175,4.33234315124764e-05
2790,55,54.9999845900289,0.225115787829077,1.540997111249e-05
2808,55,55.0000301434837,0.225093755722911,-3.01434836771364e-05
2826,55,55.0000291983065,0.225099638850236,-2.91983065494605e-05
2844,55,54.9999886094116,0.225122083957938,1.13905883765142e-05
2862,55,54.9999683904184,0.22512854621351,3.16095815975359e-05
2880,55,54.9999936326634,0.225112140357988,6.36733663128553e-06
2898,55,55.0000245221648,0.225097943201267,-2.45221647574567e-05
2916,55,55.0000183230397,0.225105021347819,-1.83230396615386e-05
2934,55,54.9999879172703,0.225121189480254,1.20827296541393e-05
2952,55,54.9999776044627,0.225123344328072,2.23955373144236e-05
2970,55,54.999999020689,0.225110229825532,9.79311025162133e-07
2988,55,55.0000192058907,0.225101531313705,-1.92058907160231e-05
3006,55,55.0000108229714,0.225108564040595,-1.08229713546848e-05
3024,55,54.9999887071218,0.225119868403005,1.12928782343147e-05
3042,55,54.9999846160886,0.225119540690091,1.53839114176435e-05
3060,55,55.0000019619216,0.225109419995689,-1.96192158341546e-06
3078,55,55.0000145593054,0.225104459478307,-1.45593053701987e-05
3096,55,55.0000058240334,0.225110795558804,-5.82403336579773e-06
3114,55,54.99999020466,0.225118448222127,9.79533997025328e-06
3132,55,54.9999897931143,0.225116839821997,1.02068856691062e-05
3150,55,55.0000033287133,0.225109269342038,-3.32871330499529e-06
3168,55,55.0000107110706,0.225106758798006,-1.07110705798164e-05
3186,55,55.0000026250618,0.225112120689803,-2.62506183901223e-06
3204,55,54.9999919329788,0.225117111497655,8.06702122702063e-06
3222,55,54.9999935054011,0.225114980090182,6.49459888535375e-06
3240,55,55.0000037326882,0.225109481471634,-3.73268818520955e-06
3258,55,55.0000076528261,0.225108505856287,-7.65282610615259e-06
3276,55,55.0000006833353,0.225112840054374,-6.83335258599982e-07
3294,55,54.9999936179605,0.225115946730253,6.3820395013181e-06
3312,55,54.9999960885146,0.225113742771412,3.91148544309772e-06
3330,55,55.0000035891772,0.225109865042818,-3.5891771972274e-06
3348,55,55.0000053045953,0.225109793948248,-5.30459531233873e-06
3366,55,54.9999995917772,0.225113170468588,4.08222838643724e-07
3384,55,54.9999951188793,0.225114984245697,4.88112070939906e-06
3402,55,54.9999978278001,0.225112952740221,2.17219991327511e-06
3420,55,55.0000031700465,0.225110302534229,-3.17004645467023e-06
3438,55,55.0000035562017,0.225110716277908,-3.55620165493065e-06
3456,55,54.999999053934,0.225113263720559,9.46066037954552e-07
3474,55,54.9999963789663,0.225114220723864,3.62103374129674e-06
3492,55,54.9999989547701,0.22511247466231,1.04522990085343e-06
3510,55,55.0000026453385,0.225110726678761,-2.64533848337578e-06
3528,55,55.0000022920458,0.225111357086686,-2.29204575674657e-06
3546,55,54.9999988601704,0.225113222713445,1.13982961380543e-06
3564,55,54.9999973912533,0.225113635380381,2.60874666935251e-06
3582,55,54.9999996503433,0.225112207176994,3.49656673392928e-07
3600,55,55.0000021150185,0.225111103202346,-2.11501852476204e-06
3618,55,55.0000014047187,0.225111787822048,-1.40471873777415e-06
3636,55,54.999998866785,0.225113114672636,1.13321498673713e-06
3654,55,54.9999981757586,0.225113200188919,1.82424138017723e-06
3672,55,55.0000000513959,0.225112076573195,-5.13959363956928e-08
3690,55,55.0000016324549,0.22511141854587,-1.63245485396146e-06
3708,55,55.0000008014135,0.225112066336292,-8.01413463591416e-07
3726,55,54.9999989786667,0.225112981538097,1.02133331125742e-06
3744,55,54.9999987648478,0.225112885976376,1.23515224714765e-06
3762,55,55.0000002584362,0.225112030802701,-2.58436152478225e-07
3780,55,55.0000012212849,0.225111671394889,-1.22128493984519e-06
3798,55,55.0000004059163,0.225112237763434,-4.05916310342036e-07
3816,55,54.999999135481,0.22511284787513,8.64518952425897e-07
3834,55,54.9999991943165,0.225112665753801,8.0568354121624e-07
3852,55,55.0000003431387,0.225112034244239,-3.43138708558399e-07
3870,55,55.0000008871727,0.225111867031986,-8.8717271751193e-07
3888,55,55.0000001580727,0.225112336199065,-1.58072708700274e-07
3906,55,54.9999993010438,0.225112726717033,6.98956164058018e-07
3924,55,54.9999994983496,0.225112516267939,5.01650447404245e-07
3942,55,55.0000003550846,0.225112063365124,-3.55084587511101e-07
3960,55,55.0000006257414,0.225112013721003,-6.25741449766792e-07
3978,55,55.0000000119688,0.225112386643909,-1.19687868505025e-08
3996,55,54.999999455395,0.225112623755857,5.44605008201415e-07
4014,55,54.9999997070109,0.225112418463882,2.92989085437512e-07
4032,55,55.0000003274361,0.225112103272269,-3.27436062264042e-07
4050,55,55.0000004277265,0.225112120510993,-4.27726483565039e-07
4068,55,54.9999999336082,0.225112406900887,6.63917560927985e-08
4086,55,54.9999995890579,0.225112540259421,4.10942050166341e-07
4104,55,54.9999998453111,0.225112357328036,1.54688919451473e-07
4122,55,55.0000002815064,0.225112145063042,-2.81506359556261e-07
4140,55,55.000000282166,0.225112196000502,-2.8216602743214e-07
4158,55,54.9999998985448,0.225112409266137,1.01455228218583e-07
4176,55,54.9999996990031,0.22511247503606,3.00996916280383e-07
4194,55,54.9999999331978,0.225112321418621,6.68022437366744e-08
4212,55,55.000000230308,0.225112183852251,-2.30307996673673e-07
4230,55,55.0000001782498,0.225112247727571,-1.78249806026543e-07
4248,55,54.9999998897174,0.225112401949398,1.1028259905288e-07
4266,55,54.9999997858977,0.225112425708262,2.14102286122397e-07
4284,55,54.999999986035,0.225112302275899,1.39649500852101e-08
4302,55,55.000000181222,0.22511221734516,-1.81221992079372e-07
4320,55,55.0000001062816,0.225112281948795,-1.06281554224097e-07
4338,55,54.9999998956001,0.225112390215541,1.04399916267539e-07
4356,55,54.9999998522992,0.225112389499197,1.47700831121256e-07
4374,55,55.0000000152952,0.225112293825252,-1.52951855625361e-08
4392,55,55.0000001379472,0.225112244835562,-1.37947182565767e-07
4410,55,55.0000000580811,0.225112303645128,-5.80811345685106e-08
4428,55,54.9999999086944,0.225112377269525,9.13056439344473e-08
4446,55,54.9999999015191,0.225112363686564,9.84809318538282e-08
4464,55,55.0000000292962,0.225112291833614,-2.92962454295775e-08
4482,55,55.0000001018826,0.225112266524337,-1.01882584147006e-07
4500,55,55.0000000270521,0.225112316646927,-2.7052109885517e-08
4518,55,54.9999999243476,0.2251123649211,7.56524443090711e-08
4536,55,54.9999999369509,0.225112345837279,6.30490930575434e-08
4554,55,55.0000000338938,0.225112293446046,-3.38937695687491e-08
4572,55,55.000000073078,0.225112283072542,-7.3077963236301e-08
4590,55,55.0000000080659,0.22511232381012,-8.06591060609207e-09
4608,55,54.999999939856,0.225112354069563,6.01440035552514e-08
4626,55,54.9999999617069,0.225112333903807,3.82931020226351e-08
4644,55,55.0000000330818,0.225112296809005,-3.30818039628866e-08
4662,55,55.0000000508652,0.225112295321215,-5.0865239131781e-08
4680,55,54.9999999972603,0.225112327202496,2.73973910225322e-09
4698,55,54.9999999538046,0.225112345047015,4.61953533203996e-08
4716,55,54.9999999784529,0.225112326238204,2.15470521425232e-08
4734,55,55.0000000294886,0.225112300775473,-2.94885822427204e-08
4752,55,55.0000000342609,0.225112304126069,-3.42608501568975e-08
4770,55,54.9999999918115,0.225112328277538,8.18847922801069e-09
4788,55,54.9999999655948,0.22511233785405,3.44051755973851e-08
4806,55,54.9999999893641,0.225112321561336,1.06359152596269e-08
4824,55,55.0000000247692,0.225112304681518,-2.47691502863745e-08
4842,55,55.0000000222086,0.225112310268734,-2.22085816403705e-08
4860,55,54.9999999897151,0.225112328025046,1.02849497807256e-08
4878,55,54.9999999751166,0.22511233231598,2.48834055582847e-08
4896,55,54.9999999961479,0.225112318911334,3.85212217679509e-09
4914,55,55.0000000199059,0.225112308182041,-1.99058973748834e-08
4932,55,55.0000000137148,0.225112314416924,-1.37148319367952e-08
4950,55,54.9999999895908,0.2251123270951,1.04092308106374e-08
4968,55,54.9999999825288,0.225112328182208,1.74711942690919e-08
4986,55,55.0000000001015,0.225112317585989,-1.01536556940118e-10
5004,55,55.0000000154318,0.225112311133439,-1.54317802980586e-08
5022,55,55.0000000079141,0.225112317114279,-7.91414578316108e-09
5040,55,54.9999999905207,0.225112325896071,9.47932932149342e-09
5058,55,54.9999999881172,0.225112325185983,1.18828253903303e-08
5076,55,55.0000000021813,0.225112317087479,-2.18133777707408e-09
5094,55,55.0000000115913,0.225112313512337,-1.15912541787111e-08
5112,55,55.0000000040915,0.225112318786882,-4.09154665703682e-09
5130,55,54.9999999919188,0.225112324669508,8.08122990747506e-09
5148,55,54.9999999922072,0.22511232307752,7.79284903273947e-09
5166,55,55.0000000030719,0.22511231707364,-3.07186809322957e-09
5184,55,55.0000000084529,0.22511231536115,-8.45288639084174e-09
5202,55,55.00000000168,0.22511231975793,-1.67997171729439e-09
5220,55,54.9999999934306,0.225112323545704,6.56940102317094e-09
5238,55,54.999999995114,0.225112321639902,4.88595475189868e-09
5256,55,55.0000000032487,0.225112317317266,-3.24870796930554e-09
5274,55,55.0000000059858,0.225112316752973,-5.98579674715438e-09
5292,55,55.0000000002448,0.225112320265333,-2.44774867041997e-10
5310,55,54.9999999948579,0.225112322583704,5.14208409185812e-09
5328,55,54.9999999971176,0.225112320694327,2.88235213474763e-09
5346,55,55.0000000030314,0.225112317673663,-3.03144531699218e-09
5364,55,55.0000000041094,0.225112317770159,-4.10943812312325e-09
5382,55,54.9999999994629,0.225112320479163,5.3712767567049e-10
5400,60,54.9999999961041,3.47523732179922,5.00000000389593
5418,60,55.7979056859522,2.59545367558205,4.20209431404778
5436,60,62.3783474964477,0,-2.37834749644771
5454,60,66.0508317344487,0,-6.05083173444874
5472,60,64.5227925533292,0.953129024252948,-4.52279255332923
5490,60,63.3742158777064,0.812443153265117,-3.37421587770638
5508,60,64.0818434666041,0,-4.08184346660408
5526,60,64.2597082220359,0,-4.25970822203587
5544,60,62.9021839992981,0.37116226373424,-2.90218399929806
5562,60,61.7650164183116,0.465355897868295,-1.76501641831164
5580,60,61.4529339991343,0.21344491834741,-1.45293399913433
5598,60,61.2847655829869,0.0735903322173619,-1.28476558298688
5616,60,60.6274508784372,0.302158633697168,-0.627450878437202
5634,60,59.8274378302969,0.60974865992296,0.172562169703113
5652,60,59.6062935312437,0.615152347721728,0.393706468756285
5670,60,59.982414533831,0.376849128605684,0.0175854661689883
5688,60,60.2743248691749,0.264817362873945,-0.274324869174905
5706,60,60.065552825579,0.423865608338662,-0.065552825579033
5724,60,59.7063148546425,0.607077396345945,0.29368514535755
5742,60,59.7235160032684,0.561533274455133,0.276483996731621
5760,60,60.0703213524065,0.375052653005018,-0.0703213524065376
5778,60,60.2532078759268,0.316720402075596,-0.253207875926812
5796,60,60.0558307533145,0.449200183713905,-0.0558307533145168
5814,60,59.80074474218,0.568245014151925,0.199255257819971
5832,60,59.8467731370601,0.51273315089025,0.153226862939924
5850,60,60.0972862544055,0.378802137712112,-0.0972862544054607
5868,60,60.1873187868083,0.358046379938738,-0.187318786808262
5886,60,60.013367619963,0.465130031754447,-0.0133676199630202
5904,60,59.8434731294438,0.538950342702657,0.156526870556249
5922,60,59.9080148260033,0.483009594415547,0.0919851739967257
5940,60,60.090648860508,0.389052480350016,-0.0906488605080469
5958,60,60.1282764048763,0.38959527530535,-0.128276404876267
5976,60,59.9868492169937,0.472604818811484,0.01315078300631
5994,60,59.8802792240998,0.515192709411397,0.119720775900191
6012,60,59.9494548584847,0.464218360471627,0.0505451415153289
6030,60,60.0791275373426,0.400296235216023,-0.0791275373426146
6048,60,60.0854914372546,0.412015146576816,-0.0854914372546034
6066,60,59.9746560345313,0.474360586108369,0.0253439654686787
6084,60,59.9115806128856,0.496378999558439,0.088419387114385
6102,60,59.976439118367,0.452917892370693,0.0235608816329602
6120,60,60.0656058070502,0.410994770423288,-0.0656058070502255
6138,60,60.0547628911988,0.427508218091432,-0.0547628911987914
6156,60,59.9706519574192,0.472975512598869,0.0293480425807644
6174,60,59.9365742390288,0.482020414073435,0.0634257609711639
6192,60,59.9929396161756,0.44668853525023,0.00706038382439544
6210,60,60.0521699540229,0.420402191964183,-0.0521699540228724
6228,60,60.0332729849098,0.437870158745988,-0.0332729849097859
6246,60,59.9713342174996,0.470068450341086,0.0286657825004326
6264,60,59.9558443312486,0.471391484912752,0.0441556687514009
6282,60,60.0023324941473,0.443734946263101,-0.00233249414730352
6300,60,60.040078055314,0.428226583298755,-0.0400780553140052
6318,60,60.0187328652137,0.444528171400462,-0.0187328652136927
6336,60,59.9744366467095,0.466634142176314,0.0255633532904653
6354,60,59.9702521121945,0.463749599949524,0.0297478878054633
6372,60,60.0070738496288,0.442794656630998,-0.00707384962875324
6390,60,60.0298545096527,0.434465736879362,-0.0298545096526652
6408,60,60.009256911981,0.448591741183811,-0.00925691198095535
6426,60,59.9785213886485,0.463249619206737,0.0214786113514833
6444,60,59.980711898237,0.458417272540459,0.0192881017630242
6462,60,60.0089031042309,0.443008347116818,-0.00890310423089602
6480,60,60.0215959603034,0.439270375467567,-0.0215959603034079
6498,60,60.0033635028211,0.450895511589065,-0.00336350282114495
6516,60,59.9827344771966,0.460215133426064,0.0172655228034273
6534,60,59.9880846813835,0.454815561811474,0.0119153186164809
6552,60,60.0090183245138,0.44381148206105,-0.0090183245138391
6570,60,60.0151657838918,0.442857339064365,-0.0151657838917529
6588,60,59.9999271379777,0.452048887260663,7.28620223355847e-05
6606,60,59.986612442976,0.457655874026286,0.0133875570240178
6624,60,59.9931208257683,0.45247296413888,0.00687917423169893
6642,60,60.0082166644064,0.444849321897224,-0.00821666440637614
6660,60,60.0103169164562,0.445457688475506,-0.010316916456226
6678,60,59.9981179911562,0.45248396588815,0.00188200884375789
6696,60,59.9899423917844,0.45559255041704,0.0100576082155683
6714,60,59.9964403794589,0.45101986324986,0.00355962054111103
6732,60,60.0070071084917,0.445911939264979,-0.00700710849169184
6750,60,60.0067675372668,0.447287903832296,-0.00676753726682477
6768,60,59.9973418625961,0.452497812248084,0.00265813740389831
6786,60,59.9926642224464,0.453988674148226,0.00733577755357828
6804,60,59.9985352190646,0.450175841854359,0.00146478093542157
6822,60,60.0056976673679,0.44688601796461,-0.00569766736791166
6840,60,60.0042444152706,0.448536053859983,-0.00424441527059827
6858,60,59.9971859157353,0.452287713397633,0.00281408426467777
6876,60,59.9948043348607,0.452781017455949,0.0051956651392544
6894,60,59.9997824383076,0.449734444503818,0.000217561692387847
6912,60,60.0044606779316,0.447720138717577,-0.00446067793158278
6930,60,60.0025049922253,0.449357204096949,-0.00250499222529754
6948,60,59.9973726498344,0.451979354513038,0.00262735016559645
6966,60,59.9964323195603,0.451898268268543,0.00356768043968714
6984,60,60.000462401183,0.44954805086899,-0.000462401182971917
7002,60,60.0033802904726,0.448400512697158,-0.0033802904725917
7020,60,60.0013461197609,0.449874146756077,-0.00134611976089616
7038,60,59.9977226304193,0.45164855813904,0.00227736958073876
7056,60,59.9976339373136,0.451271662580053,0.00236606268640571
7074,60,60.0007775348066,0.449514254014266,-0.000777534806609026
7092,60,60.0024860002156,0.448934557564628,-0.00248600021564016
7110,60,60.0006049076299,0.450180873217677,-0.000604907629892182
7128,60,59.9981254128868,0.451337542448389,0.0018745871132424
7146,60,59.9984952922949,0.45084035993864,0.00150470770514488
7164,60,60.0008697156694,0.449564336910213,-0.00086971566936711
7182,60,60.0017755961744,0.449340189132486,-0.00177559617441148
7200,60,60.0001553215358,0.450347163881961,-0.000155321535828534
7218,60,59.9985175771473,0.451066727793578,0.00148242285274591
7236,60,59.9990944347715,0.450553526542685,0.000905565228457306
7254,60,60.0008352495937,0.449653960024106,-0.000835249593720278
7272,60,60.0012303221266,0.449639157926789,-0.00123032212659524
7290,60,59.9999028600162,0.450423329550939,9.71399837794706e-05
7308,60,59.9988666213126,0.450843061302282,0.00113337868739904
7326,60,59.9994976934441,0.450370479073582,0.000502306555944187
7344,60,60.0007371472147,0.449755908144466,-0.000737147214714184
7362,60,60.0008244716379,0.449853160796678,-0.0008244716378627
7380,60,59.9997787252355,0.450444579405947,0.000221274764470536
7398,60,59.9991594923663,0.450665705059584,0.000840507633739662
7416,60,59.9997588581948,0.450259789872638,0.000241141805162215
7434,60,60.0006147960648,0.449854619235869,-0.000614796064780876
7452,60,60.0005311237738,0.450001791037265,-0.000531123773782838
7470,60,59.999734283842,0.450434773867985,0.000265716157997531
7488,60,59.9993946644535,0.450529786904376,0.000605335546509878
7506,60,59.9999199474418,0.450197928774249,8.00525581965417e-05
7524,60,60.0004913316837,0.44994217838041,-0.000491331683704743
7542,60,60.0003252905789,0.450101656224923,-0.000325290578871318
7560,60,59.999736210912,0.450409493428413,0.000263789088023714
7578,60,59.9995768497542,0.450428768575724,0.000423150245794091
7596,60,60.0000127395607,0.45016778996357,-1.27395606526193e-05
7614,60,60.0003790876586,0.450015469174055,-0.000379087658565425
7632,60,60.0001853956376,0.450166197561757,-0.000185395637615215
7650,60,59.9997624593606,0.450378452453631,0.000237540639368206
7668,60,59.9997136065498,0.450355856629523,0.000286393450210198
7686,60,60.0000605616446,0.450157298967827,-6.05616446378576e-05
7704,60,60.0002835091133,0.450074209290273,-0.000283509113252478
7722,60,60.0000937291973,0.450205897245887,-9.37291973031051e-05
7740,60,59.9997990511151,0.450347335941697,0.000200948884895524
7758,60,59.9998132743752,0.450304772513633,0.000186725624800488
7776,60,60.0000800431818,0.450158195231901,-8.00431818035463e-05
7794,60,60.0002058798283,0.450119641213034,-0.000205879828314437
7812,60,60.0000363188749,0.450228671079044,-3.63188748764287e-05
7830,60,59.9998376094951,0.450319155633841,0.000162390504939935
7848,60,59.999883808026,0.450270110305295,0.000116191974029789
7866,60,60.0000826834615,0.450165023930044,-8.26834614997551e-05
7884,60,60.0001451615314,0.450153694450463,-0.00014516153138544
7902,60,60.0000025038664,0.45024032142126,-2.50386644040645e-06
7920,60,59.9998735193352,0.450295222400706,0.000126480664810913
7938,60,59.9999321981302,0.450247442312766,6.7801869811035e-05
7956,60,60.0000761706229,0.450174334786519,-7.61706229042147e-05
7974,60,60.0000991880522,0.450178477055381,-9.91880522462907e-05
7992,60,59.9999843931828,0.45024497871626,1.56068172216806e-05
8010,60,59.9999045948431,0.450275822826639,9.54051568768932e-05
8028,60,59.9999642571387,0.450233281323211,3.5742861307142e-05
8046,60,60.0000654432869,0.450184066928645,-6.54432869282573e-05
8064,60,60.0000654043101,0.450195989817525,-6.540431007096e-05
8082,60,59.9999763144096,0.450245494746937,2.36855904063304e-05
8100,60,59.9999301432071,0.450260674751348,6.98567928765215e-05
8118,60,59.9999846189073,0.450224970699056,1.53810927088216e-05
8136,60,60.0000535146042,0.45019309089332,-5.35146042039969e-05
8154,60,60.0000412940647,0.450207985473506,-4.12940647294135e-05
8172,60,59.9999743101831,0.450243772767496,2.56898168657926e-05
8190,60,59.9999503269181,0.450249222420593,4.96730819037339e-05
8208,60,59.9999968512022,0.450220546853983,3.14879779494959e-06
8226,60,60.0000420919245,0.450200877493611,-4.20919244987772e-05
8244,60,60.0000246022681,0.45021591802434,-2.46022680627789e-05
8262,60,59.9999757080427,0.450241032699655,2.42919573238964e-05
8280,60,59.9999657449523,0.450240818640849,3.42550477299142e-05
8298,60,60.0000036171248,0.450218600285013,-3.6171248041228e-06
8316,60,60.0000320291842,0.450207265401868,-3.20291842399456e-05
8334,60,60.0000134275947,0.450220944522248,-1.34275947445417e-05
8352,60,59.999978770204,0.450238016645589,2.12297959691909e-05
8370,60,59.9999771696792,0.450234829793547,2.2830320823175e-05
8388,60,60.0000068469506,0.450218149133059,-6.84695064023799e-06
8406,60,60.0000236476172,0.450212303133873,-2.36476172474909e-05
8424,60,60.0000062375131,0.450223954416479,-6.23751314066112e-06
8442,60,59.9999824190683,0.450235143202233,1.75809316544928e-05
8460,60,59.9999853912336,0.450230690036659,1.46087664134598e-05
8478,60,60.0000078990371,0.450218531457925,-7.8990371221721e-06
8496,60,60.0000169562002,0.450216145467196,-1.69562002270141e-05
8514,60,60.000001840977,0.450225610657399,-1.84097702060626e-06
8532,60,59.9999860290106,0.450232619957771,1.39709894071416e-05
8550,60,59.9999911335671,0.450227923467707,8.8664329069843e-06
8568,60,60.0000076995639,0.450219317707265,-7.69956390200832e-06
8586,60,60.0000117980237,0.45021898853504,-1.17980236993276e-05
8604,60,59.9999993413321,0.45022639308327,6.58667929087642e-07
8622,60,59.9999892731112,0.450230523127752,1.07268888100975e-05
8640,60,59.9999950164115,0.450226147234674,4.98358849654323e-06
8658,60,60.000006857721,0.450220242229855,-6.85772100439408e-06
8676,60,60.000007943515,0.450221031567953,-7.94351500132962e-06
8694,60,59.9999980832699,0.450226638863869,1.916730099083e-06
8712,60,59.9999920135842,0.45022885220779,7.9864158024634e-06
8730,60,59.9999975451446,0.450225064280356,2.45485543359791e-06
8748,60,60.000005756904,0.450221151404175,-5.75690398818551e-06
8766,60,60.0000051466564,0.450222456378098,-5.14665644146817e-06
8784,60,59.99999760171,0.450226577520326,2.39829002879333e-06
8802,60,59.9999942257791,0.450227566195351,5.77422090941582e-06
8820,60,59.9999991163714,0.450224451301936,8.83628629821942e-07
8838,60,60.0000046245066,0.450221965509357,-4.62450655192015e-06
8856,60,60.0000031762694,0.450223418182694,-3.17626939505544e-06
8874,60,59.9999975765894,0.450226359729122,2.42341061351681e-06
8892,60,59.999995947195,0.450226606606308,4.05280496806881e-06
8910,60,60.0000000312776,0.450224145333424,-3.12776435862361e-08
8928,60,60.0000035837266,0.450222651505842,-3.58372655995254e-06
8946,60,60.0000018311286,0.450224043297872,-1.83112864959867e-06
8964,60,59.9999977950992,0.45022608008601,2.20490075264479e-06
8982,60,59.9999972445906,0.450225911311227,2.75540936200969e-06
9000,60,60.0000005118133,0.450224030883608,-5.11813269099548e-07
9018,60,60.0000026909113,0.450223204185154,-2.69091125915111e-06
9036,60,60.0000009450854,0.45022443068412,-9.45085425030356e-07
9054,60,59.9999981214683,0.450225794500569,1.87853170530161e-06
9072,60,59.999998193803,0.450225422196471,1.80619697687234e-06
9090,60,60.0000007168238,0.450224028597752,-7.16823777224818e-07
9108,60,60.0000019616881,0.450223633545683,-1.96168810617792e-06
9126,60,60.0000003864201,0.450224655379446,-3.864200621706e-07
9144,60,59.9999984736254,0.450225533089302,1.52637458938898e-06
9162,60,59.9999988682139,0.450225088829003,1.13178612082265e-06
9180,60,60.0000007566113,0.450224085809092,-7.56611342467295e-07
9198,60,60.0000013886695,0.450223956666344,-1.38866948162786e-06
9216,60,60.0000000542069,0.450224772601868,-5.42069287234881e-08
9234,60,59.9999988057296,0.450225309456636,1.1942704176704e-06
9252,60,59.9999993328886,0.450224869658636,6.67111379470953e-07
9270,60,60.0000007052733,0.450224168992681,-7.0527327977743e-07
9288,60,60.000000953011,0.450224192734583,-9.53010953708144e-07
9306,60,59.999999873448,0.450224821813272,1.26552023971271e-07
9324,60,59.9999990954718,0.450225127179179,9.04528178580222e-07
9342,60,59.9999996422744,0.450224731803787,3.57725603805648e-07
9360,60,60.0000006106856,0.450224257946536,-6.10685589208515e-07
9378,60,60.0000006316155,0.450224360217051,-6.31615478141612e-07
9396,60,59.9999997900211,0.4502248303741,2.09978949783363e-07
9414,60,59.9999993351136,0.450224984191763,6.6488644989704e-07
9432,60,59.999999839999,0.450224650109193,1.60000986682007e-07
9450,60,60.0000005022873,0.450224341442008,-5.02287321069161e-07
9468,60,60.0000004013477,0.450224475433209,-4.01347662659646e-07
9486,60,59.9999997660133,0.450224816632349,2.33986668263242e-07
9504,60,59.9999995253568,0.450224875645068,4.74643229608773e-07
9522,60,59.9999999597995,0.450224605908881,4.02004687316548e-08
9540,60,60.0000003969579,0.450224414066844,-3.96957879900128e-07
9558,60,60.0000002412646,0.45022455200687,-2.41264601186231e-07
9576,60,59.9999997757048,0.450224792418022,2.2429517088085e-07
9594,60,59.9999996712972,0.450224795682168,3.28702810747927e-07
9612,60,60.000000026959,0.450224585751786,-2.69589577328588e-08
9630,60,60.0000003033245,0.450224474000387,-3.03324497963331e-07
9648,60,60.0000001335852,0.450224600834153,-1.33585189132646e-07
9666,60,59.9999998022794,0.450224764984917,1.97720609662611e-07
9684,60,59.9999997798652,0.450224738473789,2.20134779738146e-07
9702,60,60.0000000598742,0.450224580229431,-5.98741749513465e-08
9720,60,60.000000224828,0.450224521494278,-2.24827992667542e-07
9738,60,60.0000000639,0.45022463032743,-6.39000177216076e-08
9756,60,59.9999998352349,0.450224738474516,1.64765069143868e-07
9774,60,59.999999858298,0.45022469876283,1.41701974598618e-07
9792,60,60.0000000715432,0.450224582969703,-7.15431980324865e-08
9810,60,60.0000001618391,0.450224557871292,-1.6183907547429e-07
9828,60,60.0000000209598,0.450224646781833,-2.09597743605627e-08
9846,60,59.9999998684108,0.450224714987346,1.31589217744477e-07
9864,60,59.9999999133027,0.450224672097381,8.66972840185554e-08
9882,60,60.0000000708676,0.450224589814671,-7.0867557155907e-08
9900,60,60.0000001130705,0.450224584893774,-1.13070470320054e-07
9918,60,59.9999999962612,0.45022465477143,3.73879771586871e-09
9936,60,59.99999989853,0.450224695344366,1.01470014612914e-07
9954,60,59.9999999506648,0.450224654876876,4.93352274588688e-08
9972,60,60.0000000637324,0.450224598174285,-6.37323864793871e-08
9990,60,60.0000000764817,0.450224604387847,-7.64817258414041e-08
10008,60,59.9999999835656,0.45022465752322,1.64343774144982e-08
10026,60,59.999999924153,0.45022467961178,7.58469838046949e-08
10044,60,59.9999999751292,0.450224644295062,2.48707650030155e-08
10062,60,60.0000000538658,0.450224606534843,-5.38657900506223e-08
10080,60,60.0000000498295,0.450224618038661,-4.98295378292823e-08
10098,60,59.9999999784279,0.450224657243638,2.15721200902408e-08
10116,60,59.9999999449491,0.450224667450574,5.50508829633145e-08
10134,60,59.9999999904374,0.450224638233885,9.56256229756036e-09
10152,60,60.0000000434993,0.450224614096253,-4.34993339126777e-08
10170,60,60.000000030978,0.450224627295689,-3.09779579765745e-08
10188,60,59.9999999777758,0.450224655388723,2.22241567371384e-08
10206,60,59.9999999612052,0.450224658339987,3.87948375646374e-08
10224,60,59.9999999994424,0.450224635141576,5.57577095605666e-10
10242,60,60.0000000338602,0.450224620512106,-3.38601964244845e-08
10260,60,60.000000018052,0.450224633345223,-1.80520345338664e-08
10278,60,59.9999999795569,0.450224652878654,2.04431387373916e-08
10296,60,59.999999973507,0.450224651713037,2.64930264393115e-08
10314,60,60.0000000042549,0.450224633914081,-4.25487201027863e-09
10332,60,60.0000000255274,0.450224625708892,-2.55273775451315e-08
10350,60,60.0000000094941,0.450224637120989,-9.49412282125195e-09
10368,60,59.9999999824534,0.450224650262416,1.75465970642108e-08
10386,60,59.9999999825424,0.45022464703251,1.74576086919842e-08
10404,60,60.0000000063913,0.45022463378954,-6.39128927559796e-09
10422,60,60.0000000186819,0.450224629764355,-1.86819377745451e-08
10440,60,60.0000000040632,0.45022463933394,-4.06321731816206e-09
10458,60,59.9999999856625,0.450224647840297,1.4337544484988e-08
10476,60,59.9999999889873,0.45022464382834,1.10126805452637e-08
10494,60,60.0000000069091,0.450224634259815,-6.90909729428313e-09
10512,60,60.0000000132773,0.450224632828752,-1.32773010363962e-08
10530,60,60.0000000008044,0.450224640509289,-8.04362798589864e-10
10548,60,59.9999999887298,0.450224645752423,1.12702451815494e-08
10566,60,59.9999999934468,0.450224641710881,6.5532361759324e-09
10584,60,60.0000000065219,0.450224634999481,-6.52192966299481e-09
10602,60,60.0000000091511,0.450224635076276,-9.1510514721449e-09
10620,60,59.9999999990051,0.450224641023853,9.94873516901862e-10
10638,60,59.9999999914288,0.450224644040897,8.5712414943373e-09
10656,60,59.9999999964304,0.450224640370269,3.56963880676631e-09
10674,60,60.0000000056935,0.450224635810767,-5.69352920365418e-09
10692,60,60.0000000060951,0.450224636677124,-6.09507821991429e-09
10710,60,59.9999999981494,0.450224641139971,1.85060855528718e-09
10728,60,59.999999993675,0.450224642691968,6.32502406006097e-09
10746,60,59.9999999983486,0.45022463956845,1.65140079388948e-09
10764,60,60.0000000047112,0.450224636582315,-4.71115413347434e-09
10782,60,60.000000003897,0.450224637783084,-3.89704268854985e-09
10800,50,59.9999999978741,0,-9.99999999787414
10818,50,59.8894698460931,0.794097360976083,-9.88946984609311
10836,50,59.1429432188647,0,-9.14294321886467
10854,50,59.7567029920931,0,-9.75670299209305
10872,50,58.8278648672458,0,-8.8278648672458
10890,50,57.987452131884,0,-7.987452131884
10908,50,57.2270466889286,0,-7.22704668892865
10926,50,56.5390318441426,0,-6.53903184414263
10944,50,55.9165160125803,0,-5.91651601258026
10962,50,55.3532636881826,0,-5.35326368818261
10980,50,54.8436329850676,0,-4.84363298506763
10998,50,54.3825191248892,0,-4.38251912488919
11016,50,53.9653033041997,0,-3.96530330419974
11034,50,53.5878064296399,0,-3.58780642963993
11052,50,53.2462472575382,0,-3.24624725753821
11070,50,52.9372045186206,0,-2.93720451862057
11088,50,52.6575826484479,0,-2.65758264844789
11106,50,52.4045807803157,0,-2.40458078031565
11124,50,52.1756646900296,0,-2.1756646900296
11142,50,51.9685414115388,0,-1.96854141153879
11160,50,51.7811362691603,0,-1.78113626916029
11178,50,51.6115720963362,0,-1.61157209633623
11196,50,51.458150432765,0,-1.45815043276502
11214,50,51.3193345115658,0,-1.31933451156579
11232,50,51.1937338660647,0,-1.19373386606473
11250,50,51.0800904020154,0,-1.08009040201537
11268,50,50.9772657957435,0,-0.977265795743506
11286,50,50.8842300919887,0,-0.884230091988719
11304,50,50.8000513872314,0,-0.800051387231399
11322,50,50.723886495167,0,-0.723886495166965
11340,50,50.6549725008271,0,-0.654972500827071
11358,50,50.5926191187483,0,-0.592619118748338
11376,50,50.5362017786435,0,-0.536201778643495
11394,50,50.4851553693166,0,-0.48515536931663
11412,50,50.4389685781577,0,-0.438968578157692
11430,50,50.3971787695171,0,-0.397178769517076
11448,50,50.359367350659,0,-0.359367350659049
11466,50,50.3251555788763,0,-0.325155578876313
11484,50,50.2942007677673,0,-0.294200767767286
11502,50,50.2661928546758,0,-0.266192854675843
11520,50,50.2408512949107,0,-0.240851294910698
11538,50,50.2179222516352,0,-0.217922251635201
11556,50,50.1971760532795,0,-0.197176053279527
11574,50,50.1784048930073,0,-0.178404893007318
11592,50,50.161420747193,0,-0.16142074719302
11610,50,50.1460534920602,0,-0.146053492060247
11628,50,50.1321491996161,0,-0.132149199616109
11646,50,50.1195685958127,0,-0.119568595812659
11664,50,50.1081856654913,0,-0.108185665491291
11682,50,50.0978863901365,0,-0.097886390136523
11700,50,50.0885676057955,0,-0.0885676057955251
11718,50,50.0801359697238,0,-0.0801359697237913
11736,50,50.0725070254061,0,-0.0725070254060824
11754,50,50.0656043565874,0,-0.0656043565874285
11772,50,50.0593588218403,0,-0.0593588218403056
11790,50,50.0537078620011,0,-0.0537078620011044
11808,50,50.0485948735386,0,-0.0485948735386046
11826,50,50.0439686415777,0,-0.0439686415777274
11844,50,50.0397828268995,0,-0.0397828268995255
11862,50,50.0359955017787,0,-0.035995501778693
11880,50,50.0325687300094,0,-0.0325687300093591
11898,50,50.0294681869125,0,-0.0294681869124673
11916,50,50.0266628155184,0,-0.0266628155183994
11934,50,50.024124515481,0,-0.0241245154810485
11952,50,50.0218278616073,0,-0.0218278616072567
11970,50,50.0197498491822,0,-0.0197498491822472
11988,50,50.0178696635401,0,-0.0178696635400968
12006,50,50.0161684715711,0,-0.0161684715710777
12024,50,50.0146292330775,0,-0.014629233077514
12042,50,50.0132365300885,0,-0.013236530088534
12060,50,50.0119764124241,0,-0.0119764124241044
12078,50,50.0108362579613,0,-0.0108362579613299
12096,50,50.0098046462034,0,-0.00980464620341337
12114,50,50.0088712438848,0,-0.0088712438848475
12132,50,50.008026701467,0,-0.0080267014670099
12150,50,50.0072625594874,0,-0.00726255948735144
12168,50,50.0065711638242,0,-0.00657116382415524
12186,50,50.0059455890281,0,-0.00594558902809439
12204,50,50.0053795689526,0,-0.00537956895261971
12222,50,50.0048674339883,0,-0.00486743398833056
12240,50,50.0044040542726,0,-0.00440405427264068
12258,50,50.0039847883059,0,-0.00398478830588544
12276,50,50.0036054364592,0,-0.00360543645916778
12294,50,50.0032621989083,0,-0.00326219890825286
12312,50,50.0029516375722,0,-0.0029516375721883
12330,50,50.0026706416753,0,-0.00267064167531572
12348,50,50.0024163965878,0,-0.00241639658782589
12366,50,50.0021863556327,0,-0.00218635563266645
12384,50,50.0019782145764,0,-0.00197821457643244
12402,50,50.0017898885488,0,-0.00178988854875684
12420,50,50.0016194911589,0,-0.00161949115891957
12438,50,50.0014653156006,0,-0.0014653156005906
12456,50,50.0013258175554,0,-0.00132581755541139
12474,50,50.0011995997241,0,-0.00119959972413852
12492,50,50.0010853978304,0,-0.00108539783040129
12510,50,50.0009820679569,0,-0.000982067956947219
12528,50,50.0008885750874,0,-0.00088857508744411
12546,50,50.0008039827391,0,-0.000803982739121523
12564,50,50.0007274435824,0,-0.000727443582356102
12582,50,50.0006581909533,0,-0.000658190953316762
12600,50,50.0005955311746,0,-0.000595531174560904
12618,50,50.0005388366067,0,-0.000538836606743587
12636,50,50.0004875393618,0,-0.000487539361778033
12654,50,50.0004411256145,0,-0.00044112561453602
12672,50,50.000399130456,0,-0.000399130456031571
12690,50,50.0003611332366,0,-0.00036113323661624
12708,50,50.0003267533525,0,-0.000326753352496212
12726,50,50.0002956464333,0,-0.000295646433336572
12744,50,50.0002675008929,0,-0.000267500892881856
12762,50,50.0002420348079,0,-0.000242034807882874
12780,50,50.0002189930942,0,-0.000218993094172504
12798,50,50.0001981449516,0,-0.000198144951603751
12816,50,50.0001792815522,0,-0.000179281552213695
12834,50,50.0001622139484,0,-0.000162213948442513
12852,50,50.0001467711806,0,-0.000146771180553174
12870,50,50.0001327985642,0,-0.000132798564159486
12888,50,50.0001201561409,0,-0.000120156140852146
12906,50,50.0001087172762,0,-0.000108717276241066
12924,50,50.0000983673915,0,-9.83673915442296e-05
12942,50,50.0000890028159,0,-8.90028158693212e-05
12960,50,50.0000805297478,0,-8.05297477981526e-05
12978,50,50.0000728633158,0,-7.28633158075809e-05
12996,50,50.0000659267281,0,-6.59267281406528e-05
13014,50,50.0000596505036,0,-5.96505036227768e-05
13032,50,50.0000539717757,0,-5.39717756780078e-05
13050,50,50.0000488336626,0,-4.88336626318642e-05
13068,50,50.000044184698,0,-4.41846979555294e-05
13086,50,50.0000399783147,0,-3.99783147102539e-05
13104,50,50.0000361723791,0,-3.61723791471036e-05
13122,50,50.0000327287687,0,-3.27287686516797e-05
13140,50,50.0000296129899,0,-2.96129898771369e-05
13158,50,50.0000267938332,0,-2.67938332427775e-05
13176,50,50.0000242430603,0,-2.42430603165644e-05
13194,50,50.000021935121,0,-2.19351209764795e-05
13212,50,50.0000198468975,0,-1.98468974588195e-05
13230,50,50.0000179574728,0,-1.79574728207399e-05
13248,50,50.0000162479214,0,-1.62479214083078e-05
13266,50,50.0000147011193,0,-1.47011192908053e-05
13284,50,50.0000133015727,0,-1.33015727357133e-05
13302,50,50.000012035263,0,-1.20352630048615e-05
13320,50,50.000010889506,0,-1.08895059725e-05
13338,50,50.000009852825,0,-9.85282500209905e-06
13356,50,50.0000089148361,0,-8.91483605869325e-06
13374,50,50.0000080661437,0,-8.06614367121483e-06
13392,50,50.0000072982468,0,-7.29824679268631e-06
13410,50,50.0000066034537,0,-6.60345369851711e-06
13428,50,50.0000059748049,0,-5.97480490682756e-06
13446,50,50.0000054060035,0,-5.40600348131193e-06
13464,50,50.0000048913519,0,-4.89135194925439e-06
13482,50,50.0000044256952,0,-4.42569524494729e-06
13500,50,50.0000040043691,0,-4.00436905323431e-06
13518,50,50.0000036231531,0,-3.62315311974726e-06
13536,50,50.0000032782289,0,-3.27822894519159e-06
13554,50,50.0000029661416,0,-2.9661415510418e-06
13572,50,50.0000026837649,0,-2.68376487611022e-06
13590,50,50.0000024282705,0,-2.42827045582317e-06
13608,50,50.0000021970991,0,-2.19709910709298e-06
13626,50,50.0000019879353,0,-1.9879352706198e-06
13644,50,50.0000017986838,0,-1.79868383298754e-06
13662,50,50.0000016274491,0,-1.62744913723145e-06
13680,50,50.000001472516,0,-1.47251597581999e-06
13698,50,50.0000013323325,0,-1.3323324594694e-06
13716,50,50.0000012054944,0,-1.20549440651985e-06
13734,50,50.0000010907313,0,-1.09073133813808e-06
13752,50,50.0000009868937,0,-9.86893716969917e-07
13770,50,50.0000008929414,0,-8.92941436347883e-07
13788,50,50.0000008079334,0,-8.07933410840178e-07
13806,50,50.0000007310181,0,-7.3101814734855e-07
13824,50,50.0000006614252,0,-6.61425218595468e-07
13842,50,50.0000005984575,0,-5.98457539524588e-07
13860,50,50.0000005414844,0,-5.41484382665658e-07
13878,50,50.0000004899351,0,-4.89935068515024e-07
13896,50,50.0000004432933,0,-4.43293252772037e-07
13914,50,50.0000004010917,0,-4.01091732271652e-07
13932,50,50.0000003629078,0,-3.62907798034939e-07
13950,50,50.000000328359,0,-3.28358979118093e-07
13968,50,50.0000002970992,0,-2.97099205681661e-07
13986,50,50.0000002688154,0,-2.68815355752849e-07
14004,50,50.0000002432241,0,-2.4322413594291e-07
14022,50,50.0000002200692,0,-2.20069196643635e-07
14040,50,50.0000001991186,0,-1.99118609600646e-07
14058,50,50.0000001801625,0,-1.80162516016935e-07
14076,50,50.000000163011,0,-1.63011044662653e-07
14094,50,50.0000001474924,0,-1.47492393409721e-07
14112,50,50.0000001334511,0,-1.33451116823835e-07
14130,50,50.0000001207466,0,-1.2074657007588e-07
14148,50,50.0000001092515,0,-1.09251502067309e-07
14166,50,50.0000000988508,0,-9.88507551369366e-08
14184,50,50.0000000894402,0,-8.94401637197006e-08
14202,50,50.0000000809255,0,-8.09254601108478e-08
14220,50,50.0000000732214,0,-7.32213578658047e-08
14238,50,50.0000000662507,0,-6.62506849380406e-08
14256,50,50.0000000599436,0,-5.99436162929123e-08
14274,50,50.000000054237,0,-5.42369846812107e-08
14292,50,50.0000000490736,0,-4.9073626939844e-08
14310,50,50.0000000444018,0,-4.44018155576487e-08
14328,50,50.0000000401748,0,-4.0174761295475e-08
14346,50,50.0000000363501,0,-3.63501229116991e-08
14364,50,50.0000000328896,0,-3.28895950474362e-08
14382,50,50.0000000297585,0,-2.9758503217181e-08
14400,50,50.0000000269255,0,-2.69254982754319e-08
14418,50,50.0000000243622,0,-2.43621869344679e-08
14436,50,50.0000000220429,0,-2.20429043906734e-08
14454,50,50.0000000199444,0,-1.99444230020163e-08
14472,50,50.0000000180457,0,-1.80457107035181e-08
14490,50,50.0000000163278,0,-1.63277604769974e-08
14508,50,50.0000000147734,0,-1.47733558719665e-08
14526,50,50.0000000133669,0,-1.33669360025124e-08
14544,50,50.0000000120944,0,-1.20944037007575e-08
14562,50,50.000000010943,0,-1.09430189354498e-08
14580,50,50.0000000099012,0,-9.90124249256041e-09
14598,50,50.0000000089586,0,-8.95864360472842e-09
14616,50,50.0000000081058,0,-8.10577915899557e-09
14634,50,50.0000000073341,0,-7.33410843167803e-09
14652,50,50.0000000066359,0,-6.63590071781073e-09
14670,50,50.0000000060042,0,-6.00416427687378e-09
14688,50,50.0000000054326,0,-5.43256817309157e-09
14706,50,50.0000000049154,0,-4.91538543201386e-09
14724,50,50.0000000044474,0,-4.44744330252433e-09
14742,50,50.000000004024,0,-4.02404509713961e-09
14760,50,50.000000003641,0,-3.64095598115455e-09
14778,50,50.0000000032943,0,-3.29433902379606e-09
14796,50,50.0000000029807,0,-2.98071967108626e-09
14814,50,50.000000002697,0,-2.69695021870575e-09
14832,50,50.0000000024402,0,-2.4402027065662e-09
14850,50,50.0000000022079,0,-2.20789786453679e-09
14868,50,50.0000000019977,0,-1.99770511244424e-09
14886,50,50.0000000018075,0,-1.80752124379069e-09
14904,50,50.0000000016354,0,-1.63544910947166e-09
14922,50,50.0000000014798,0,-1.47975498521191e-09
14940,50,50.0000000013389,0,-1.33888278242011e-09
14958,50,50.0000000012114,0,-1.21141852105211e-09
14976,50,50.0000000010961,0,-1.09609032961089e-09
14994,50,50.0000000009917,0,-9.9174002343716e-10
15012,50,50.0000000008973,0,-8.97330210136715e-10
15030,50,50.0000000008119,0,-8.11901657016278e-10
15048,50,50.0000000007346,0,-7.34608818220295e-10
15066,50,50.0000000006647,0,-6.64677202166786e-10
15084,50,50.0000000006014,0,-6.01396266119991e-10
15102,50,50.0000000005441,0,-5.441478378998e-10
15120,50,50.0000000004923,0,-4.92342167035531e-10
15138,50,50.0000000004455,0,-4.45474768184795e-10
15156,50,50.0000000004031,0,-4.03062472287274e-10
15174,50,50.0000000003647,0,-3.64693164556229e-10
15192,50,50.00000000033,0,-3.29968941059633e-10
15210,50,50.0000000002986,0,-2.98555846711679e-10
15228,50,50.0000000002701,0,-2.70134137281275e-10
15246,50,50.0000000002444,0,-2.44419595674117e-10
15264,50,50.0000000002211,0,-2.21149321077974e-10
15282,50,50.0000000002001,0,-2.00095939817402e-10
15300,50,50.000000000181,0,-1.81046289071674e-10
15318,50,50.0000000001638,0,-1.63808522302133e-10
15336,50,50.0000000001482,0,-1.48219214679557e-10
15354,50,50.0000000001341,0,-1.34107835947361e-10
15372,50,50.0000000001213,0,-1.21339382985752e-10
15390,50,50.0000000001098,0,-1.09785958102293e-10
15408,50,50.0000000000993,0,-9.9333874459262e-11
15426,50,50.0000000000899,0,-8.98765506462951e-11
15444,50,50.0000000000813,0,-8.13216161077435e-11
15462,50,50.0000000000736,0,-7.3583805715316e-11
15480,50,50.0000000000666,0,-6.65778543407214e-11
15498,50,50.0000000000602,0,-6.02398131377413e-11
15516,50,50.0000000000545,0,-5.45057332601573e-11
15534,50,50.0000000000493,0,-4.9311665861751e-11
15552,50,50.0000000000446,0,-4.46220838057343e-11
15570,50,50.0000000000404,0,-4.03730382458889e-11
15588,50,50.0000000000365,0,-3.65290020454268e-11
15606,50,50.0000000000331,0,-3.30544480675599e-11
15624,50,50.0000000000299,0,-2.99067437481426e-11
15642,50,50.0000000000271,0,-2.70574673777446e-11
15660,50,50.0000000000245,0,-2.44853026742931e-11
15678,50,50.0000000000222,0,-2.21547225009999e-11
15696,50,50.00000000002,0,-2.00444105757924e-11
15714,50,50.0000000000181,0,-1.81330506165978e-11
15732,50,50.0000000000164,0,-1.64064317687007e-11
15750,50,50.0000000000148,0,-1.48432377500285e-11
15768,50,50.0000000000134,0,-1.34292577058659e-11
15786,50,50.0000000000122,0,-1.21502807814977e-11
15804,50,50.000000000011,0,-1.09992015495664e-11
15822,50,50.0000000000099,0,-9.9475983006414e-12
15840,50,50.000000000009,0,-9.00257646208047e-12
15858,50,50.0000000000081,0,-8.14281975181075e-12
15876,50,50.0000000000074,0,-7.36832816983224e-12
15894,50,50.0000000000067,0,-6.67199628878734e-12
15912,50,50.000000000006,0,-6.03250782660325e-12
15930,50,50.0000000000055,0,-5.45696821063757e-12
15948,50,50.0000000000049,0,-4.9382720135327e-12
15966,50,50.0000000000045,0,-4.46931380793103e-12
15984,50,50.000000000004,0,-4.04298816647497e-12
16002,50,50.0000000000037,0,-3.65929508916452e-12
16020,50,50.0000000000033,0,-3.31112914864207e-12
16038,50,50.000000000003,0,-2.99849034490762e-12
16056,50,50.0000000000027,0,-2.70716782324598e-12
16074,50,50.0000000000025,0,-2.45137243837235e-12
16092,50,50.0000000000022,0,-2.21689333557151e-12
16110,50,50.000000000002,0,-2.01083594220108e-12
16128,50,50.0000000000018,0,-1.81898940354586e-12
16146,50,50.0000000000016,0,-1.64135371960583e-12
16164,50,50.0000000000015,0,-1.48503431773861e-12
16182,50,50.0000000000013,0,-1.34292577058659e-12
